{
  "weekly": {
    "horizon": "weekly",
    "horizon_days": 5,
    "n_panels": 66,
    "n_effective": 66.0,
    "overlap_pct": 0.0,
    "rebals_per_year": 50.4,
    "mean_ret_per_panel": 0.006175259344268661,
    "std_ret_per_panel": 0.030832508605936945,
    "sharpe": 0.6938042616570129,
    "win_rate": 0.6515151515151515,
    "mdd_per_panel": 0.13265196041877197,
    "mean_alpha_per_panel": 0.0013034658790060335,
    "ir": 0.3050285831300778,
    "t_stat": 0.715355436754964,
    "effective_t_stat": 0.715355436754964,
    "is_significant_p05": false,
    "annualized_log_gross": 0.3112330709511405,
    "annualized_simple_net": 0.008872197640445778,
    "annual_cost_drag_log": 0.3024,
    "net_sharpe_per_panel": 0.01969078109434618,
    "rank_ic_mean": -0.00802304499987594,
    "rank_ic_std": 0.07934376851676983,
    "rank_ic_ir": -0.35028135998505006,
    "directional_accuracy": 0.4994974025102457,
    "rmse": 0.05029822883313157,
    "mae": 0.034780077724698905,
    "r2": -0.16879081038677746,
    "calibration_p10_p90_coverage": 0.8711226278484872
  },
  "monthly": {
    "horizon": "monthly",
    "horizon_days": 20,
    "n_panels": 66,
    "n_effective": 66.0,
    "overlap_pct": 0.0,
    "rebals_per_year": 12.6,
    "mean_ret_per_panel": 0.016604862556174146,
    "std_ret_per_panel": 0.05862877838826746,
    "sharpe": 0.9811040376630825,
    "win_rate": 0.6212121212121212,
    "mdd_per_panel": 0.27131053863128196,
    "mean_alpha_per_panel": 0.004313925491808271,
    "ir": 0.6281829551988835,
    "t_stat": 1.4732196165586493,
    "effective_t_stat": 1.4732196165586493,
    "is_significant_p05": false,
    "annualized_log_gross": 0.20922126820779424,
    "annualized_simple_net": 0.14295986242537473,
    "annual_cost_drag_log": 0.0756,
    "net_sharpe_per_panel": 0.626591965909156,
    "rank_ic_mean": 0.004920529607335647,
    "rank_ic_std": 0.06711555645100499,
    "rank_ic_ir": 0.25396816269485495,
    "directional_accuracy": 0.5123711515212581,
    "rmse": 0.09429908000026627,
    "mae": 0.06531449716644117,
    "r2": -0.1073373854758215,
    "calibration_p10_p90_coverage": 0.8492414424029885
  },
  "quarterly": {
    "horizon": "quarterly",
    "horizon_days": 60,
    "n_panels": 65,
    "n_effective": 32.5,
    "overlap_pct": 50.0,
    "rebals_per_year": 4.2,
    "mean_ret_per_panel": 0.023096789192254077,
    "std_ret_per_panel": 0.09297231056704537,
    "sharpe": 0.8605747695996651,
    "win_rate": 0.6307692307692307,
    "mdd_per_panel": 0.43973967519668256,
    "mean_alpha_per_panel": 0.001841135376974594,
    "ir": 0.17409521331690472,
    "t_stat": 0.40518455820473614,
    "effective_t_stat": 0.2865087487386443,
    "is_significant_p05": false,
    "annualized_log_gross": 0.09700651460746712,
    "annualized_simple_net": 0.07444743406715215,
    "annual_cost_drag_log": 0.0252,
    "net_sharpe_per_panel": 0.6370177818894579,
    "rank_ic_mean": 0.025440637121274326,
    "rank_ic_std": 0.06553653045322375,
    "rank_ic_ir": 1.344730206687419,
    "directional_accuracy": 0.5207648962744276,
    "rmse": 0.1643193217566292,
    "mae": 0.11512819208870625,
    "r2": -0.1858037090739082,
    "calibration_p10_p90_coverage": 0.8333204304405047
  },
  "annual": {
    "horizon": "annual",
    "horizon_days": 252,
    "n_panels": 61,
    "n_effective": 7.261904761904762,
    "overlap_pct": 88.09523809523809,
    "rebals_per_year": 1.0,
    "mean_ret_per_panel": 0.0739617584424105,
    "std_ret_per_panel": 0.18446070456603936,
    "sharpe": 1.3889735891529988,
    "win_rate": 0.6885245901639344,
    "mdd_per_panel": 1.1389165216786754,
    "mean_alpha_per_panel": -0.02445178792060462,
    "ir": -0.8967418060136605,
    "t_stat": -2.0218163835565277,
    "effective_t_stat": -0.6975929268032356,
    "is_significant_p05": false,
    "annualized_log_gross": 0.0739617584424105,
    "annualized_simple_net": 0.0703243768248385,
    "annual_cost_drag_log": 0.006,
    "net_sharpe_per_panel": 1.2762958796119654,
    "rank_ic_mean": 0.024129217791595804,
    "rank_ic_std": 0.07421876623693135,
    "rank_ic_ir": 1.1262119617704605,
    "directional_accuracy": 0.5405635191329845,
    "rmse": 0.4177830509511181,
    "mae": 0.275260669199182,
    "r2": -0.7686053218442097,
    "calibration_p10_p90_coverage": 0.7603827277601353
  },
  "_meta": {
    "tool": "multi_cycle_chronos_validation.py",
    "tool_ver": "v0.1",
    "model": "Chronos (Amazon time-series foundation model, 2024, zero-shot pretrained: amazon/chronos-bolt-small)",
    "run_at": "2026-05-30T07:45:08.681500",
    "constitution_ver": "v6.1.0",
    "seed": 5422,
    "horizons": [
      5,
      20,
      60,
      252
    ],
    "n_universe": 398,
    "n_stocks_with_series": 398,
    "n_weeks": 1773,
    "n_panels_input": 95,
    "context_weeks": 256,
    "pred_weeks": 52,
    "batch_size": 32,
    "variates": "per-stock univariate weekly close (zero-shot; foundation model)",
    "is_foundation_model": true,
    "zero_shot": true,
    "calibration_available": true,
    "external_pretrained_prior": true,
    "source_purity_caveat": "\u26a0\ufe0f INPUT series 100% DB-source-pure (TaiwanStockPriceAdj weekly close, \u00a7\u4e00.10 (b)); BUT model weights are EXTERNAL-PRETRAINED on non-DB corpora \u2014 predictive prior NOT DB/FinMind/FRED-traceable. User explicitly authorized 2026-05-30 ('Real Chronos + disclose caveat'). Real Google TimesFM unavailable on this Intel Mac (lingvo Linux-only).",
    "common_baseline": "universe v0.18 \u00d7 95 panels \u00d7 [('weekly', 5), ('monthly', 20), ('quarterly', 60), ('annual', 252)] \u00d7 top-20 \u00d7 cost 0.006 \u00d7 T_CZ-6",
    "source_traceability": "per CLAUDE.md \u00a7\u4e00.10 \u2014 INPUT from (b) DB query TaiwanStockPriceAdj/core_universe_*; model prior external (see caveat)"
  }
}