{
  "log_return_20d": {
    "verdict": "\ud83d\udfe1 \u53ef\u7591",
    "completeness": 1.0,
    "n_imputed": 0,
    "n_null": 0,
    "zero_ratio": 0.011466204869857263,
    "avg_panel_distinct": 392.4479166666667,
    "max_robust_z": 13.13563712645326,
    "cross_panel_cov": 4.498250204519444,
    "min": -0.5382246,
    "max": 1.09734406,
    "mean": 0.01323439139588581,
    "std": 0.11220773304581769,
    "flags": [
      "\ud83d\udfe1\u6f02\u79fbCoV=4.5"
    ]
  },
  "log_return_60d": {
    "verdict": "\ud83d\udfe2 \u4e7e\u6de8",
    "completeness": 1.0,
    "n_imputed": 0,
    "n_null": 0,
    "zero_ratio": 0.004591729638958858,
    "avg_panel_distinct": 395.4791666666667,
    "max_robust_z": 11.936819739365944,
    "cross_panel_cov": 2.4941531548704905,
    "min": -0.89884604,
    "max": 1.75354644,
    "mean": 0.035523432209015535,
    "std": 0.18942381438761932,
    "flags": []
  },
  "log_return_252d": {
    "verdict": "\ud83d\udfe2 \u4e7e\u6de8",
    "completeness": 0.9994227539882452,
    "n_imputed": 0,
    "n_null": 0,
    "zero_ratio": 0.00026253609871357313,
    "avg_panel_distinct": 396.7708333333333,
    "max_robust_z": 8.431854850573975,
    "cross_panel_cov": 1.260589685235206,
    "min": -1.44460851,
    "max": 2.79555284,
    "mean": 0.1282234092538724,
    "std": 0.3847787145305915,
    "flags": []
  },
  "ma_ratio_20": {
    "verdict": "\ud83d\udfe2 \u4e7e\u6de8",
    "completeness": 1.0,
    "n_imputed": 0,
    "n_null": 0,
    "zero_ratio": 0.0,
    "avg_panel_distinct": 396.8229166666667,
    "max_robust_z": 14.311830652162632,
    "cross_panel_cov": 0.035859384061403266,
    "min": 0.67919189,
    "max": 1.65233802,
    "mean": 1.0048977028235202,
    "std": 0.06677751098543466,
    "flags": []
  },
  "ma_ratio_60": {
    "verdict": "\ud83d\udfe2 \u4e7e\u6de8",
    "completeness": 1.0,
    "n_imputed": 0,
    "n_null": 0,
    "zero_ratio": 0.0,
    "avg_panel_distinct": 396.9895833333333,
    "max_robust_z": 17.047236571871817,
    "cross_panel_cov": 0.05291140256174997,
    "min": 0.57143301,
    "max": 2.35895224,
    "mean": 1.0193311245738874,
    "std": 0.1163881407415369,
    "flags": []
  },
  "max_drawdown_252d": {
    "verdict": "\ud83d\udfe2 \u4e7e\u6de8",
    "completeness": 0.9996589000839631,
    "n_imputed": 0,
    "n_null": 0,
    "zero_ratio": 0.0,
    "avg_panel_distinct": 396.3333333333333,
    "max_robust_z": 4.4754012837627455,
    "cross_panel_cov": 0.1947030840305205,
    "min": 0.0282353,
    "max": 0.88772691,
    "mean": 0.31713101034672825,
    "std": 0.12528692790022086,
    "flags": []
  },
  "upside_volatility_60d": {
    "verdict": "\ud83d\udfe2 \u4e7e\u6de8",
    "completeness": 1.0,
    "n_imputed": 0,
    "n_null": 0,
    "zero_ratio": 0.0,
    "avg_panel_distinct": 396.9479166666667,
    "max_robust_z": 5.047568638212152,
    "cross_panel_cov": 0.15153889785721342,
    "min": 0.00351683,
    "max": 0.07753928,
    "mean": 0.023972869475493284,
    "std": 0.010766430504137392,
    "flags": []
  },
  "downside_volatility_60d": {
    "verdict": "\ud83d\udfe2 \u4e7e\u6de8",
    "completeness": 1.0,
    "n_imputed": 0,
    "n_null": 0,
    "zero_ratio": 0.0,
    "avg_panel_distinct": 396.9479166666667,
    "max_robust_z": 5.7684946419458445,
    "cross_panel_cov": 0.245612030788198,
    "min": 0.00287672,
    "max": 0.07720898,
    "mean": 0.02242903986723342,
    "std": 0.009973927350987389,
    "flags": []
  },
  "convexity_60d": {
    "verdict": "\ud83d\udfe2 \u4e7e\u6de8",
    "completeness": 1.0,
    "n_imputed": 0,
    "n_null": 0,
    "zero_ratio": 0.0,
    "avg_panel_distinct": 396.96875,
    "max_robust_z": 5.580700874440875,
    "cross_panel_cov": 2.3784533740845903,
    "min": -0.02819211,
    "max": 0.03559167,
    "mean": 0.0015438295825461797,
    "std": 0.007103473605920804,
    "flags": []
  },
  "volatility_60d": {
    "verdict": "\ud83d\udfe2 \u4e7e\u6de8",
    "completeness": 1.0,
    "n_imputed": 0,
    "n_null": 0,
    "zero_ratio": 0.0,
    "avg_panel_distinct": 396.9895833333333,
    "max_robust_z": 5.068642710526587,
    "cross_panel_cov": 0.1869376011434991,
    "min": 0.0031032,
    "max": 0.07165246,
    "mean": 0.022759042499212845,
    "std": 0.009770951181794555,
    "flags": []
  },
  "volatility_252d": {
    "verdict": "\ud83d\udfe2 \u4e7e\u6de8",
    "completeness": 0.9994227539882452,
    "n_imputed": 0,
    "n_null": 0,
    "zero_ratio": 0.0,
    "avg_panel_distinct": 396.75,
    "max_robust_z": 4.873767071801307,
    "cross_panel_cov": 0.09733180763210653,
    "min": 0.00481567,
    "max": 0.06120822,
    "mean": 0.023254112606720924,
    "std": 0.0077180455544092275,
    "flags": []
  },
  "upside_capture_60d": {
    "verdict": "\ud83d\udfe2 \u4e7e\u6de8",
    "completeness": 1.0,
    "n_imputed": 0,
    "n_null": 0,
    "zero_ratio": 0.0,
    "avg_panel_distinct": 396.9479166666667,
    "max_robust_z": 6.992776467634578,
    "cross_panel_cov": 0.15440927470280016,
    "min": 0.00299961,
    "max": 0.07095758,
    "mean": 0.018027621517369856,
    "std": 0.008322865085001947,
    "flags": []
  },
  "downside_capture_60d": {
    "verdict": "\ud83d\udfe2 \u4e7e\u6de8",
    "completeness": 1.0,
    "n_imputed": 0,
    "n_null": 0,
    "zero_ratio": 0.0,
    "avg_panel_distinct": 396.9791666666667,
    "max_robust_z": 7.322357409205879,
    "cross_panel_cov": 0.20817052090623106,
    "min": 0.0026569,
    "max": 0.06725325,
    "mean": 0.017139538727697315,
    "std": 0.007469335936624677,
    "flags": []
  },
  "avg_daily_value_log_60d": {
    "verdict": "\ud83d\udfe2 \u4e7e\u6de8",
    "completeness": 1.0,
    "n_imputed": 0,
    "n_null": 0,
    "zero_ratio": 0.0,
    "avg_panel_distinct": 397.0,
    "max_robust_z": 3.4080408644282882,
    "cross_panel_cov": 0.02902338465973936,
    "min": 5.46633173,
    "max": 10.9499869,
    "mean": 8.066777807677896,
    "std": 0.7848420399107401,
    "flags": []
  },
  "avg_daily_value_log_252d": {
    "verdict": "\ud83d\udfe2 \u4e7e\u6de8",
    "completeness": 0.9996589000839631,
    "n_imputed": 0,
    "n_null": 0,
    "zero_ratio": 0.0,
    "avg_panel_distinct": 396.8645833333333,
    "max_robust_z": 3.48588196968219,
    "cross_panel_cov": 0.026462676505555987,
    "min": 5.84377258,
    "max": 10.76293675,
    "mean": 8.125159999754587,
    "std": 0.7089308960692409,
    "flags": []
  },
  "zero_volume_ratio_252d": {
    "verdict": "\ud83d\udfe1 \u53ef\u7591",
    "completeness": 0.9996589000839631,
    "n_imputed": 0,
    "n_null": 0,
    "zero_ratio": 0.9804719283970708,
    "avg_panel_distinct": 2.4375,
    "max_robust_z": 0.0,
    "cross_panel_cov": 0.5405909827444718,
    "min": 0.0,
    "max": 0.01984127,
    "mean": 8.530400587941941e-05,
    "std": 0.000661724058913596,
    "flags": [
      "\ud83d\udfe1zero=98%",
      "\ud83d\udfe1distinct\u22482.4"
    ]
  },
  "turnover_mean_60d": {
    "verdict": "\ud83d\udfe1 \u53ef\u7591",
    "completeness": 1.0,
    "n_imputed": 0,
    "n_null": 0,
    "zero_ratio": 0.0,
    "avg_panel_distinct": 396.6145833333333,
    "max_robust_z": 94.74606790581018,
    "cross_panel_cov": 0.447615253347477,
    "min": 9.61666667,
    "max": 199869.51666667,
    "mean": 3253.493893874189,
    "std": 7010.997765948957,
    "flags": [
      "\ud83d\udfe1\u96e2\u7fa4z\u224895"
    ]
  },
  "pe_ratio": {
    "verdict": "\ud83d\udfe1 \u53ef\u7591",
    "completeness": 1.0,
    "n_imputed": 0,
    "n_null": 0,
    "zero_ratio": 0.0749107892527288,
    "avg_panel_distinct": 346.25,
    "max_robust_z": 592.1681746031746,
    "cross_panel_cov": 0.36638224333085323,
    "min": 0.0,
    "max": 6100.0,
    "mean": 30.32443456129303,
    "std": 129.1549505144996,
    "flags": [
      "\ud83d\udfe1\u96e2\u7fa4z\u2248592"
    ]
  },
  "pb_ratio": {
    "verdict": "\ud83d\udfe2 \u4e7e\u6de8",
    "completeness": 1.0,
    "n_imputed": 0,
    "n_null": 0,
    "zero_ratio": 0.0,
    "avg_panel_distinct": 247.33333333333334,
    "max_robust_z": 34.452058441558435,