{
  "weekly": {
    "horizon": "weekly",
    "horizon_days": 5,
    "n_panels": 65,
    "n_effective": 65.0,
    "overlap_pct": 0.0,
    "rebals_per_year": 50.4,
    "mean_ret_per_panel": 0.00881532684225532,
    "sharpe": 0.914205112062601,
    "win_rate": 0.7384615384615385,
    "mdd_per_panel": 0.12357736506753308,
    "mean_alpha_per_panel": 0.004380702117419955,
    "ir": 0.756400149155731,
    "t_stat": 1.7604255419922097,
    "effective_t_stat": 1.7604255419922097,
    "is_significant_p05": false,
    "mean_ic": 0.001909585212436777,
    "annualized_simple_gross": 0.5593864971457239,
    "annual_cost_drag_log": 0.3024,
    "annualized_simple_net": 0.1524527219173062,
    "precision_directional_hit_rate": 0.500694363936081,
    "precision_top20_actual_overlap": 0.0576923076923077,
    "precision_rmse": 0.04315812969842255,
    "precision_mae": 0.02841744513048947,
    "reliability_ic_stability_cov": 80.6015468033657
  },
  "monthly": {
    "horizon": "monthly",
    "horizon_days": 20,
    "n_panels": 65,
    "n_effective": 65.0,
    "overlap_pct": 0.0,
    "rebals_per_year": 12.6,
    "mean_ret_per_panel": 0.01667464560709205,
    "sharpe": 0.8626834293847391,
    "win_rate": 0.5846153846153846,
    "mdd_per_panel": 0.3626713079371475,
    "mean_alpha_per_panel": 0.005568585100038569,
    "ir": 0.4863254792600021,
    "t_stat": 1.1318609552979404,
    "effective_t_stat": 1.1318609552979404,
    "is_significant_p05": false,
    "mean_ic": 0.00633341271803847,
    "annualized_simple_gross": 0.2338020935826579,
    "annual_cost_drag_log": 0.0756,
    "annualized_simple_net": 0.1439652706225314,
    "precision_directional_hit_rate": 0.48865736447294517,
    "precision_top20_actual_overlap": 0.05,
    "precision_rmse": 0.08321570703081553,
    "precision_mae": 0.056728012234068544,
    "reliability_ic_stability_cov": 25.631313295854866
  },
  "quarterly": {
    "horizon": "quarterly",
    "horizon_days": 60,
    "n_panels": 64,
    "n_effective": 32.0,
    "overlap_pct": 50.0,
    "rebals_per_year": 4.2,
    "mean_ret_per_panel": 0.03730527349194189,
    "sharpe": 1.8085408591178855,
    "win_rate": 0.78125,
    "mdd_per_panel": 0.4299816655475426,
    "mean_alpha_per_panel": 0.019716502126049845,
    "ir": 1.5133802514487962,
    "t_stat": 3.495001982240904,
    "effective_t_stat": 2.4713396019029688,
    "is_significant_p05": true,
    "mean_ic": 0.058834988834697385,
    "annualized_simple_gross": 0.16962378833020075,
    "annual_cost_drag_log": 0.0252,
    "annualized_simple_net": 0.14051754778114534,
    "precision_directional_hit_rate": 0.5013032478116489,
    "precision_top20_actual_overlap": 0.025,
    "precision_rmse": 0.14298376647458833,
    "precision_mae": 0.10042806376853539,
    "reliability_ic_stability_cov": 2.2932298519909486
  },
  "annual": {
    "horizon": "annual",
    "horizon_days": 252,
    "n_panels": 61,
    "n_effective": 7.261904761904762,
    "overlap_pct": 88.09523809523809,
    "rebals_per_year": 1.0,
    "mean_ret_per_panel": 0.17314033242328133,
    "sharpe": 4.175429918874742,
    "win_rate": 0.8688524590163934,
    "mdd_per_panel": 0.22442664622552044,
    "mean_alpha_per_panel": 0.08965410756746821,
    "ir": 3.7036335281852675,
    "t_stat": 8.350304285758,
    "effective_t_stat": 2.881128698815226,
    "is_significant_p05": true,
    "mean_ic": 0.1575442591148878,
    "annualized_simple_gross": 0.18903295325234581,
    "annual_cost_drag_log": 0.006,
    "annualized_simple_net": 0.1819201153849348,
    "precision_directional_hit_rate": 0.603831969790526,
    "precision_top20_actual_overlap": 0.05983606557377049,
    "precision_rmse": 0.2918124052239935,
    "precision_mae": 0.2100351535876635,
    "reliability_ic_stability_cov": 0.571871206846738
  },
  "_meta": {
    "tool": "multi_cycle_random_forest_validation.py",
    "tool_ver": "v0.1",
    "model_family": "random_forest",
    "sklearn_version": "1.8.0",
    "run_at": "2026-05-29T10:55:03.432446",
    "constitution_ver": "v6.1.0",
    "seed": 5422,
    "horizons": [
      5,
      20,
      60,
      252
    ],
    "n_universe": 1121,
    "n_panels_input": 95,
    "source_traceability": "per CLAUDE.md \u00a7\u4e00.10 \u2014 all (b) DB query"
  }
}