{
  "weekly": {
    "horizon": "weekly",
    "horizon_days": 5,
    "n_panels": 65,
    "n_effective": 65.0,
    "overlap_pct": 0.0,
    "rebals_per_year": 50.4,
    "mean_ret_per_panel": 0.007705091909506533,
    "sharpe": 0.7076512124883625,
    "win_rate": 0.6461538461538462,
    "mdd_per_panel": 0.11929789373543039,
    "mean_alpha_per_panel": 0.002857328619093485,
    "ir": 0.39525101029165804,
    "t_stat": 0.9198966642091503,
    "effective_t_stat": 0.9198966642091503,
    "is_significant_p05": false,
    "mean_ic": -0.004975323532067561,
    "annualized_simple_gross": 0.47452607376380174,
    "annual_cost_drag_log": 0.3024,
    "annualized_simple_net": 0.08973727190631897,
    "precision_directional_hit_rate": 0.4921302928916357,
    "precision_top20_actual_overlap": 0.06692307692307692,
    "precision_rmse": 0.04569100454456611,
    "precision_mae": 0.030975761954651612,
    "reliability_ic_stability_cov": 21.153131528354955
  },
  "monthly": {
    "horizon": "monthly",
    "horizon_days": 20,
    "n_panels": 65,
    "n_effective": 65.0,
    "overlap_pct": 0.0,
    "rebals_per_year": 12.6,
    "mean_ret_per_panel": 0.020657493952110976,
    "sharpe": 1.0409248440753218,
    "win_rate": 0.6615384615384615,
    "mdd_per_panel": 0.2880896636788509,
    "mean_alpha_per_panel": 0.008332654154080183,
    "ir": 0.7444017276072731,
    "t_stat": 1.7325007355507103,
    "effective_t_stat": 1.7325007355507103,
    "is_significant_p05": false,
    "mean_ic": 0.013219145830990306,
    "annualized_simple_gross": 0.29729901690872684,
    "annual_cost_drag_log": 0.0756,
    "annualized_simple_net": 0.20283879292745866,
    "precision_directional_hit_rate": 0.4969409489079228,
    "precision_top20_actual_overlap": 0.06153846153846154,
    "precision_rmse": 0.08813062723492966,
    "precision_mae": 0.061365667370667135,
    "reliability_ic_stability_cov": 6.145075097088016
  },
  "quarterly": {
    "horizon": "quarterly",
    "horizon_days": 60,
    "n_panels": 64,
    "n_effective": 32.0,
    "overlap_pct": 50.0,
    "rebals_per_year": 4.2,
    "mean_ret_per_panel": 0.060198712455732696,
    "sharpe": 2.2117813699295987,
    "win_rate": 0.765625,
    "mdd_per_panel": 0.37315927653073655,
    "mean_alpha_per_panel": 0.04065035069180166,
    "ir": 2.329488749309373,
    "t_stat": 5.379723825951885,
    "effective_t_stat": 3.804039198241416,
    "is_significant_p05": true,
    "mean_ic": 0.10145266045761496,
    "annualized_simple_gross": 0.287670268659151,
    "annual_cost_drag_log": 0.0252,
    "annualized_simple_net": 0.25562642604804364,
    "precision_directional_hit_rate": 0.5223900517603072,
    "precision_top20_actual_overlap": 0.06796875,
    "precision_rmse": 0.14975000341382136,
    "precision_mae": 0.10667089014266143,
    "reliability_ic_stability_cov": 0.8942855671445694
  },
  "annual": {
    "horizon": "annual",
    "horizon_days": 252,
    "n_panels": 61,
    "n_effective": 7.261904761904762,
    "overlap_pct": 88.09523809523809,
    "rebals_per_year": 1.0,
    "mean_ret_per_panel": 0.3055154766013387,
    "sharpe": 5.643521178934693,
    "win_rate": 0.9672131147540983,
    "mdd_per_panel": 0.12699684855278903,
    "mean_alpha_per_panel": 0.21284350610698688,
    "ir": 5.616404230183861,
    "t_stat": 12.662884693355014,
    "effective_t_stat": 4.369110304403882,
    "is_significant_p05": true,
    "mean_ic": 0.25435393269816503,
    "annualized_simple_gross": 0.35732449172160896,
    "annual_cost_drag_log": 0.006,
    "annualized_simple_net": 0.34920492782165624,
    "precision_directional_hit_rate": 0.6190667354409538,
    "precision_top20_actual_overlap": 0.12622950819672132,
    "precision_rmse": 0.3002361277270198,
    "precision_mae": 0.21915416726417405,
    "reliability_ic_stability_cov": 0.5112910312762133
  },
  "_meta": {
    "tool": "multi_cycle_xgboost_dedicated_validation.py",
    "tool_ver": "v0.1",
    "model_family": "xgboost",
    "xgboost_version": "3.2.0",
    "run_at": "2026-05-29T16:09:29.127380",
    "constitution_ver": "v6.1.0",
    "seed": 5422,
    "horizons": [
      5,
      20,
      60,
      252
    ],
    "n_universe": 910,
    "n_panels_input": 95,
    "source_traceability": "per CLAUDE.md \u00a7\u4e00.10 \u2014 all (b) DB query"
  }
}