{
  "weekly": {
    "horizon": "weekly",
    "horizon_days": 5,
    "n_panels": 65,
    "n_effective": 65.0,
    "overlap_pct": 0.0,
    "rebals_per_year": 50.4,
    "mean_ret_per_panel": 0.007332883360507752,
    "sharpe": 0.6405745983686261,
    "win_rate": 0.7076923076923077,
    "mdd_per_panel": 0.19299662804871665,
    "mean_alpha_per_panel": 0.0024851200700947065,
    "ir": 0.36722428315560157,
    "t_stat": 0.8546680066476325,
    "effective_t_stat": 0.8546680066476325,
    "is_significant_p05": false,
    "mean_ic": -0.019230534720340645,
    "annualized_simple_gross": 0.4471228174851076,
    "annual_cost_drag_log": 0.3024,
    "annualized_simple_net": 0.0694851039251394,
    "precision_directional_hit_rate": 0.5003265953032182,
    "precision_top20_actual_overlap": 0.06999999999999999,
    "precision_rmse": 0.04497848639178151,
    "precision_mae": 0.030322886295826978,
    "reliability_ic_stability_cov": 6.313360185625216
  },
  "monthly": {
    "horizon": "monthly",
    "horizon_days": 20,
    "n_panels": 65,
    "n_effective": 65.0,
    "overlap_pct": 0.0,
    "rebals_per_year": 12.6,
    "mean_ret_per_panel": 0.01965458380908319,
    "sharpe": 0.9459637193301743,
    "win_rate": 0.5846153846153846,
    "mdd_per_panel": 0.4071843548932137,
    "mean_alpha_per_panel": 0.007329744011052397,
    "ir": 0.5809011168789248,
    "t_stat": 1.3519737729651304,
    "effective_t_stat": 1.3519737729651304,
    "is_significant_p05": false,
    "mean_ic": -0.0019346272301058692,
    "annualized_simple_gross": 0.2810086251043258,
    "annual_cost_drag_log": 0.0756,
    "annualized_simple_net": 0.18773455330426647,
    "precision_directional_hit_rate": 0.5071355950025578,
    "precision_top20_actual_overlap": 0.0646153846153846,
    "precision_rmse": 0.08658383218093216,
    "precision_mae": 0.05997644436544466,
    "reliability_ic_stability_cov": 64.44891399375814
  },
  "quarterly": {
    "horizon": "quarterly",
    "horizon_days": 60,
    "n_panels": 64,
    "n_effective": 32.0,
    "overlap_pct": 50.0,
    "rebals_per_year": 4.2,
    "mean_ret_per_panel": 0.030369928882374022,
    "sharpe": 1.4069475741613768,
    "win_rate": 0.71875,
    "mdd_per_panel": 0.5044920435104103,
    "mean_alpha_per_panel": 0.010821567118442984,
    "ir": 0.8546094052148095,
    "t_stat": 1.9736358806110252,
    "effective_t_stat": 1.3955713147731394,
    "is_significant_p05": false,
    "mean_ic": 0.05358234944854044,
    "annualized_simple_gross": 0.13604587375017263,
    "annual_cost_drag_log": 0.0252,
    "annualized_simple_net": 0.10777522398565265,
    "precision_directional_hit_rate": 0.5134745064734119,
    "precision_top20_actual_overlap": 0.034375,
    "precision_rmse": 0.14882664462463327,
    "precision_mae": 0.10562463157040285,
    "reliability_ic_stability_cov": 2.0668918550536217
  },
  "annual": {
    "horizon": "annual",
    "horizon_days": 252,
    "n_panels": 61,
    "n_effective": 7.261904761904762,
    "overlap_pct": 88.09523809523809,
    "rebals_per_year": 1.0,
    "mean_ret_per_panel": 0.1905829096939288,
    "sharpe": 4.329795087760964,
    "win_rate": 0.9016393442622951,
    "mdd_per_panel": 0.3136562048296869,
    "mean_alpha_per_panel": 0.09791093919957684,
    "ir": 3.695641491511553,
    "t_stat": 8.33228524106025,
    "effective_t_stat": 2.8749115377361423,
    "is_significant_p05": true,
    "mean_ic": 0.152259335602576,
    "annualized_simple_gross": 0.20995468645168724,
    "annual_cost_drag_log": 0.006,
    "annualized_simple_net": 0.20271669402422376,
    "precision_directional_hit_rate": 0.6013523890566285,
    "precision_top20_actual_overlap": 0.06475409836065574,
    "precision_rmse": 0.305494862018848,
    "precision_mae": 0.222538613406143,
    "reliability_ic_stability_cov": 0.6078018773442456
  },
  "_meta": {
    "tool": "multi_cycle_random_forest_validation.py",
    "tool_ver": "v0.1",
    "model_family": "random_forest",
    "sklearn_version": "1.8.0",
    "run_at": "2026-05-29T16:22:16.040123",
    "constitution_ver": "v6.1.0",
    "seed": 5422,
    "horizons": [
      5,
      20,
      60,
      252
    ],
    "n_universe": 910,
    "n_panels_input": 95,
    "source_traceability": "per CLAUDE.md \u00a7\u4e00.10 \u2014 all (b) DB query"
  }
}