{
  "weekly": {
    "horizon": "weekly",
    "horizon_days": 5,
    "n_panels": 65,
    "n_effective": 65.0,
    "overlap_pct": 0.0,
    "rebals_per_year": 50.4,
    "mean_ret_per_panel": 0.006383693776235526,
    "sharpe": 0.6158038026745278,
    "win_rate": 0.6923076923076923,
    "mdd_per_panel": 0.13606187795119945,
    "mean_alpha_per_panel": 0.001827656917943721,
    "ir": 0.2755389076509387,
    "t_stat": 0.6412819079725984,
    "effective_t_stat": 0.6412819079725984,
    "is_significant_p05": false,
    "mean_ic": -0.014830737748733648,
    "annualized_simple_gross": 0.37952352294768055,
    "annual_cost_drag_log": 0.3024,
    "annualized_simple_net": 0.01952635980881956,
    "precision_directional_hit_rate": 0.487832416102583,
    "precision_top20_actual_overlap": 0.057692307692307696,
    "precision_rmse": 0.04278007253879024,
    "precision_mae": 0.028277261849319172,
    "reliability_ic_stability_cov": 8.373220901123695
  },
  "monthly": {
    "horizon": "monthly",
    "horizon_days": 20,
    "n_panels": 65,
    "n_effective": 65.0,
    "overlap_pct": 0.0,
    "rebals_per_year": 12.6,
    "mean_ret_per_panel": 0.01983193461491822,
    "sharpe": 0.9935890791309233,
    "win_rate": 0.6153846153846154,
    "mdd_per_panel": 0.39447564613625774,
    "mean_alpha_per_panel": 0.008647860005042106,
    "ir": 0.6699542774678601,
    "t_stat": 1.5592337248184966,
    "effective_t_stat": 1.5592337248184966,
    "is_significant_p05": false,
    "mean_ic": 0.010771971914424626,
    "annualized_simple_gross": 0.28387439355426114,
    "annual_cost_drag_log": 0.0756,
    "annualized_simple_net": 0.1903916565766821,
    "precision_directional_hit_rate": 0.49549801688672473,
    "precision_top20_actual_overlap": 0.05923076923076923,
    "precision_rmse": 0.08177463347911604,
    "precision_mae": 0.05557410807403716,
    "reliability_ic_stability_cov": 8.809530959724894
  },
  "quarterly": {
    "horizon": "quarterly",
    "horizon_days": 60,
    "n_panels": 64,
    "n_effective": 32.0,
    "overlap_pct": 50.0,
    "rebals_per_year": 4.2,
    "mean_ret_per_panel": 0.04034981970988043,
    "sharpe": 1.8539766200780887,
    "win_rate": 0.734375,
    "mdd_per_panel": 0.3514607237824696,
    "mean_alpha_per_panel": 0.02239608823608,
    "ir": 1.887078082890996,
    "t_stat": 4.358020156555838,
    "effective_t_stat": 3.081585605248293,
    "is_significant_p05": true,
    "mean_ic": 0.08310540759460547,
    "annualized_simple_gross": 0.18467590913696807,
    "annual_cost_drag_log": 0.0252,
    "annualized_simple_net": 0.15519509459809955,
    "precision_directional_hit_rate": 0.5188988255307407,
    "precision_top20_actual_overlap": 0.03671875,
    "precision_rmse": 0.14051509979475674,
    "precision_mae": 0.09792497041745674,
    "reliability_ic_stability_cov": 1.1622666348807416
  },
  "annual": {
    "horizon": "annual",
    "horizon_days": 252,
    "n_panels": 60,
    "n_effective": 7.142857142857142,
    "overlap_pct": 88.09523809523809,
    "rebals_per_year": 1.0,
    "mean_ret_per_panel": 0.21382764922972017,
    "sharpe": 4.191577463853162,
    "win_rate": 0.8333333333333334,
    "mdd_per_panel": 0.2747775369374885,
    "mean_alpha_per_panel": 0.13079272591909208,
    "ir": 3.7815671998145337,
    "t_stat": 8.45584132026883,
    "effective_t_stat": 2.9175424351907506,
    "is_significant_p05": true,
    "mean_ic": 0.19826228725707945,
    "annualized_simple_gross": 0.2384091956202674,
    "annual_cost_drag_log": 0.006,
    "annualized_simple_net": 0.23100098729612983,
    "precision_directional_hit_rate": 0.6141028386916332,
    "precision_top20_actual_overlap": 0.06166666666666667,
    "precision_rmse": 0.2825205384080483,
    "precision_mae": 0.20159005602566465,
    "reliability_ic_stability_cov": 0.4360352158417996
  },
  "_meta": {
    "tool": "multi_cycle_catboost_dedicated_validation.py",
    "tool_ver": "v0.1",
    "model_family": "catboost",
    "catboost_version": "1.2.10",
    "run_at": "2026-05-29T18:40:40.853687",
    "constitution_ver": "v6.1.0",
    "seed": 5422,
    "horizons": [
      5,
      20,
      60,
      252
    ],
    "n_universe": 1002,
    "n_panels_input": 95,
    "source_traceability": "per CLAUDE.md \u00a7\u4e00.10 \u2014 all (b) DB query"
  }
}