{
  "weekly": {
    "horizon": "weekly",
    "horizon_days": 5,
    "n_panels": 65,
    "n_effective": 65.0,
    "overlap_pct": 0.0,
    "rebals_per_year": 50.4,
    "mean_ret_per_panel": 0.007673710431367736,
    "sharpe": 0.7055266293490372,
    "win_rate": 0.7076923076923077,
    "mdd_per_panel": 0.11391663242281885,
    "mean_alpha_per_panel": 0.0028259471409546877,
    "ir": 0.3846487686948938,
    "t_stat": 0.8952212897659423,
    "effective_t_stat": 0.8952212897659423,
    "is_significant_p05": false,
    "mean_ic": -0.0019191289841841831,
    "annualized_simple_gross": 0.47219576757604464,
    "annual_cost_drag_log": 0.3024,
    "annualized_simple_net": 0.08801507685467724,
    "precision_directional_hit_rate": 0.49289587210004765,
    "precision_top20_actual_overlap": 0.057692307692307696,
    "precision_rmse": 0.045432394491058355,
    "precision_mae": 0.03076899283302807,
    "reliability_ensemble_disagreement": 0.0019156211067504372,
    "reliability_ic_stability_cov": 56.65490751576356
  },
  "monthly": {
    "horizon": "monthly",
    "horizon_days": 20,
    "n_panels": 65,
    "n_effective": 65.0,
    "overlap_pct": 0.0,
    "rebals_per_year": 12.6,
    "mean_ret_per_panel": 0.02086418176264507,
    "sharpe": 1.001391462608841,
    "win_rate": 0.6461538461538462,
    "mdd_per_panel": 0.3355722005524525,
    "mean_alpha_per_panel": 0.008539341964614287,
    "ir": 0.714223921564998,
    "t_stat": 1.6622657142892723,
    "effective_t_stat": 1.6622657142892723,
    "is_significant_p05": false,
    "mean_ic": 0.013544963606857646,
    "annualized_simple_gross": 0.3006819322601746,
    "annual_cost_drag_log": 0.0756,
    "annualized_simple_net": 0.20597538808776905,
    "precision_directional_hit_rate": 0.4958712973142401,
    "precision_top20_actual_overlap": 0.057692307692307696,
    "precision_rmse": 0.08765243399126217,
    "precision_mae": 0.060975362309759126,
    "reliability_ensemble_disagreement": 0.00409356642932387,
    "reliability_ic_stability_cov": 6.306106849506876
  },
  "quarterly": {
    "horizon": "quarterly",
    "horizon_days": 60,
    "n_panels": 64,
    "n_effective": 32.0,
    "overlap_pct": 50.0,
    "rebals_per_year": 4.2,
    "mean_ret_per_panel": 0.05768517059277113,
    "sharpe": 2.24183553281067,
    "win_rate": 0.8125,
    "mdd_per_panel": 0.42131417824323747,
    "mean_alpha_per_panel": 0.03813680882884009,
    "ir": 2.320971403552344,
    "t_stat": 5.3600538584894775,
    "effective_t_stat": 3.790130430863029,
    "is_significant_p05": true,
    "mean_ic": 0.0974264024527002,
    "annualized_simple_gross": 0.27414799559410485,
    "annual_cost_drag_log": 0.0252,
    "annualized_simple_net": 0.2424406565121906,
    "precision_directional_hit_rate": 0.5206791711216777,
    "precision_top20_actual_overlap": 0.06953125,
    "precision_rmse": 0.14927590036813446,
    "precision_mae": 0.10622059608482971,
    "reliability_ensemble_disagreement": 0.007941494854140283,
    "reliability_ic_stability_cov": 0.9933060706050036
  },
  "annual": {
    "horizon": "annual",
    "horizon_days": 252,
    "n_panels": 61,
    "n_effective": 7.261904761904762,
    "overlap_pct": 88.09523809523809,
    "rebals_per_year": 1.0,
    "mean_ret_per_panel": 0.29192698424822683,
    "sharpe": 5.30526887323621,
    "win_rate": 0.9180327868852459,
    "mdd_per_panel": 0.15202024666830383,
    "mean_alpha_per_panel": 0.19925501375387486,
    "ir": 5.231263924283157,
    "t_stat": 11.794537778762574,
    "effective_t_stat": 4.069502154743162,
    "is_significant_p05": true,
    "mean_ic": 0.24163324536660535,
    "annualized_simple_gross": 0.33900524559525214,
    "annual_cost_drag_log": 0.006,
    "annualized_simple_net": 0.33099526808413215,
    "precision_directional_hit_rate": 0.6185108745117132,
    "precision_top20_actual_overlap": 0.12049180327868855,
    "precision_rmse": 0.30136986836287805,
    "precision_mae": 0.21965079631551554,
    "reliability_ensemble_disagreement": 0.018060980004385874,
    "reliability_ic_stability_cov": 0.5273388947703561
  },
  "_meta": {
    "tool": "multi_cycle_ensemble_validation.py",
    "tool_ver": "v0.1",
    "model_family": "ensemble_tree",
    "members": [
      "lgbm",
      "xgboost",
      "catboost"
    ],
    "run_at": "2026-05-29T16:42:46.298883",
    "constitution_ver": "v6.1.0",
    "seed": 5422,
    "horizons": [
      5,
      20,
      60,
      252
    ],
    "n_universe": 910,
    "n_panels_input": 95,
    "source_traceability": "per CLAUDE.md \u00a7\u4e00.10 \u2014 all (b) DB query"
  }
}