{
  "weekly": {
    "horizon": "weekly",
    "horizon_days": 5,
    "n_panels": 65,
    "n_effective": 65.0,
    "overlap_pct": 0.0,
    "rebals_per_year": 50.4,
    "mean_ret_per_panel": 0.009081922078354475,
    "std_ret_per_panel": 0.03892318593414941,
    "sharpe": 0.8082766141859112,
    "win_rate": 0.6923076923076923,
    "mdd_per_panel": 0.11207973709683905,
    "mean_alpha_per_panel": 0.004234158787941428,
    "std_alpha_per_panel": 0.025657258591441048,
    "ir": 0.5716727780477115,
    "t_stat": 1.3304959831910812,
    "effective_t_stat": 1.3304959831910812,
    "is_significant_p05": false,
    "mean_ic": -0.004093999146355943,
    "std_ic": 0.1044543551333122,
    "annualized_log_gross": 0.45772887274906554,
    "annualized_simple_gross": 0.5804804336504907,
    "annual_cost_drag_log": 0.3024,
    "annualized_log_net": 0.15532887274906554,
    "annualized_simple_net": 0.16804203514104232,
    "net_sharpe_per_panel": 0.27428616114360066
  },
  "monthly": {
    "horizon": "monthly",
    "horizon_days": 20,
    "n_panels": 65,
    "n_effective": 65.0,
    "overlap_pct": 0.0,
    "rebals_per_year": 12.6,
    "mean_ret_per_panel": 0.020495888802982948,
    "std_ret_per_panel": 0.07031098225689697,
    "sharpe": 1.0097973208037854,
    "win_rate": 0.6153846153846154,
    "mdd_per_panel": 0.36396533986815494,
    "mean_alpha_per_panel": 0.00817104900495216,
    "std_alpha_per_panel": 0.03828951544532258,
    "ir": 0.7392452927706683,
    "t_stat": 1.7204997865793104,
    "effective_t_stat": 1.7204997865793104,
    "is_significant_p05": false,
    "mean_ic": 0.015215885393932337,
    "std_ic": 0.0843121608705151,
    "annualized_log_gross": 0.25824819891758516,
    "annualized_simple_gross": 0.294660111988692,
    "annual_cost_drag_log": 0.0756,
    "annualized_log_net": 0.18264819891758516,
    "annualized_simple_net": 0.20039203457237353,
    "net_sharpe_per_panel": 0.7141876020419953
  },
  "quarterly": {
    "horizon": "quarterly",
    "horizon_days": 60,
    "n_panels": 64,
    "n_effective": 32.0,
    "overlap_pct": 50.0,
    "rebals_per_year": 4.2,
    "mean_ret_per_panel": 0.061950572175390184,
    "std_ret_per_panel": 0.092772035171623,
    "sharpe": 2.313230239419386,
    "win_rate": 0.796875,
    "mdd_per_panel": 0.39147334286884505,
    "mean_alpha_per_panel": 0.042402210411459154,
    "std_alpha_per_panel": 0.05936730321158919,
    "ir": 2.4741828856236947,
    "t_stat": 5.713880620156821,
    "effective_t_stat": 4.040323733403284,
    "is_significant_p05": true,
    "mean_ic": 0.08975469934108687,
    "std_ic": 0.09139079461762693,
    "annualized_log_gross": 0.2601924031366388,
    "annualized_simple_gross": 0.29717964408949316,
    "annual_cost_drag_log": 0.0252,
    "annualized_log_net": 0.23499240313663877,
    "annualized_simple_net": 0.2648991594303116,
    "net_sharpe_per_panel": 2.089190638990483
  },
  "annual": {
    "horizon": "annual",
    "horizon_days": 252,
    "n_panels": 61,
    "n_effective": 7.261904761904762,
    "overlap_pct": 88.09523809523809,
    "rebals_per_year": 1.0,
    "mean_ret_per_panel": 0.27504363654106767,
    "std_ret_per_panel": 0.18042823788705137,
    "sharpe": 5.280654052453345,
    "win_rate": 0.9180327868852459,
    "mdd_per_panel": 0.12685280647777653,
    "mean_alpha_per_panel": 0.18237166604671579,
    "std_alpha_per_panel": 0.12203311624023916,
    "ir": 5.176906092147116,
    "t_stat": 11.67198125820086,
    "effective_t_stat": 4.027216137786926,
    "is_significant_p05": true,
    "mean_ic": 0.23600815032899675,
    "std_ic": 0.124255830641992,
    "annualized_log_gross": 0.27504363654106767,
    "annualized_simple_gross": 0.316588124965935,
    "annual_cost_drag_log": 0.006,
    "annualized_log_net": 0.26904363654106767,
    "annualized_simple_net": 0.3087122474762267,
    "net_sharpe_per_panel": 5.165458061325629
  },
  "_meta": {
    "tool": "multi_cycle_validation.py",
    "tool_ver": "v0.1",
    "run_at": "2026-05-29T16:47:19.399360",
    "constitution_ver": "v6.1.0",
    "seed": 5422,
    "horizons": [
      5,
      20,
      60,
      252
    ],
    "n_universe": 910,
    "n_panels_input": 95,
    "source_traceability": "per CLAUDE.md \u00a7\u4e00.10 \u2014 all data from (b) DB query"
  }
}