{
  "weekly": {
    "horizon": "weekly",
    "horizon_days": 5,
    "n_panels": 65,
    "n_effective": 65.0,
    "overlap_pct": 0.0,
    "rebals_per_year": 50.4,
    "mean_ret_per_panel": 0.0070127528223074345,
    "sharpe": 0.7220705425271503,
    "win_rate": 0.6923076923076923,
    "mdd_per_panel": 0.16457322208171704,
    "mean_alpha_per_panel": 0.0016811454363278484,
    "ir": 0.33828013159920356,
    "t_stat": 0.7873041599481708,
    "effective_t_stat": 0.7873041599481708,
    "is_significant_p05": false,
    "mean_ic": -0.008529684775888165,
    "annualized_simple_gross": 0.42396145178018996,
    "annual_cost_drag_log": 0.3024,
    "annualized_simple_net": 0.05236787288664324,
    "precision_directional_hit_rate": 0.48258956000257514,
    "precision_top20_actual_overlap": 0.09153846153846155,
    "precision_rmse": 0.046585329306576835,
    "precision_mae": 0.03324596076545225,
    "reliability_ic_stability_cov": 12.326641881236537
  },
  "monthly": {
    "horizon": "monthly",
    "horizon_days": 20,
    "n_panels": 65,
    "n_effective": 65.0,
    "overlap_pct": 0.0,
    "rebals_per_year": 12.6,
    "mean_ret_per_panel": 0.01952150207533048,
    "sharpe": 1.0488362163663953,
    "win_rate": 0.6307692307692307,
    "mdd_per_panel": 0.3137896888072459,
    "mean_alpha_per_panel": 0.006038676864633619,
    "ir": 0.7810397344018405,
    "t_stat": 1.81777105581814,
    "effective_t_stat": 1.81777105581814,
    "is_significant_p05": false,
    "mean_ic": 0.019821354875471545,
    "annualized_simple_gross": 0.27886239154681736,
    "annual_cost_drag_log": 0.0756,
    "annualized_simple_net": 0.18574459343533412,
    "precision_directional_hit_rate": 0.5011974443611722,
    "precision_top20_actual_overlap": 0.09153846153846155,
    "precision_rmse": 0.0895911064388839,
    "precision_mae": 0.06514088571614177,
    "reliability_ic_stability_cov": 4.5249285795548735
  },
  "quarterly": {
    "horizon": "quarterly",
    "horizon_days": 60,
    "n_panels": 64,
    "n_effective": 32.0,
    "overlap_pct": 50.0,
    "rebals_per_year": 4.2,
    "mean_ret_per_panel": 0.06974146567233631,
    "sharpe": 2.5462563668903755,
    "win_rate": 0.765625,
    "mdd_per_panel": 0.26139121040590174,
    "mean_alpha_per_panel": 0.0471710761200373,
    "ir": 3.2666635254633256,
    "t_stat": 7.544036263112732,
    "effective_t_stat": 5.334439199164234,
    "is_significant_p05": true,
    "mean_ic": 0.10994164217515129,
    "annualized_simple_gross": 0.34032772616347984,
    "annual_cost_drag_log": 0.0252,
    "annualized_simple_net": 0.3069734958532553,
    "precision_directional_hit_rate": 0.5323653354273696,
    "precision_top20_actual_overlap": 0.12656250000000002,
    "precision_rmse": 0.1506300914704991,
    "precision_mae": 0.11081793537153259,
    "reliability_ic_stability_cov": 0.9368359342148557
  },
  "annual": {
    "horizon": "annual",
    "horizon_days": 252,
    "n_panels": 61,
    "n_effective": 7.261904761904762,
    "overlap_pct": 88.09523809523809,
    "rebals_per_year": 1.0,
    "mean_ret_per_panel": 0.32746581208800146,
    "sharpe": 5.090545873078685,
    "win_rate": 0.9016393442622951,
    "mdd_per_panel": 0.46549667155651164,
    "mean_alpha_per_panel": 0.22172503379535669,
    "ir": 5.742357440432538,
    "t_stat": 12.946861934445565,
    "effective_t_stat": 4.467091761260707,
    "is_significant_p05": true,
    "mean_ic": 0.29299988832441576,
    "annualized_simple_gross": 0.3874476165501122,
    "annual_cost_drag_log": 0.006,
    "annualized_simple_net": 0.37914785503462745,
    "precision_directional_hit_rate": 0.6465683281690383,
    "precision_top20_actual_overlap": 0.17459016393442622,
    "precision_rmse": 0.29380653580440064,
    "precision_mae": 0.2166719315291379,
    "reliability_ic_stability_cov": 0.4547071877273646
  },
  "_meta": {
    "tool": "multi_cycle_xgboost_dedicated_validation.py",
    "tool_ver": "v0.1",
    "model_family": "xgboost",
    "xgboost_version": "3.2.0",
    "run_at": "2026-06-01T15:15:09.845325",
    "constitution_ver": "v6.1.0",
    "seed": 5422,
    "horizons": [
      5,
      20,
      60,
      252
    ],
    "n_universe": 397,
    "n_panels_input": 95,
    "source_traceability": "per CLAUDE.md \u00a7\u4e00.10 \u2014 all (b) DB query"
  }
}