{
  "weekly": {
    "horizon": "weekly",
    "horizon_days": 5,
    "n_panels": 65,
    "n_effective": 65.0,
    "overlap_pct": 0.0,
    "rebals_per_year": 50.4,
    "mean_ret_per_panel": 0.006612014247610951,
    "sharpe": 0.6222946438452425,
    "win_rate": 0.6615384615384615,
    "mdd_per_panel": 0.1367074806421522,
    "mean_alpha_per_panel": 0.0017642509571979053,
    "ir": 0.28331974764873313,
    "t_stat": 0.6593908275511584,
    "effective_t_stat": 0.6593908275511584,
    "is_significant_p05": false,
    "mean_ic": -0.03993459707457043,
    "annualized_simple_gross": 0.3954898744078441,
    "annual_cost_drag_log": 0.3024,
    "annualized_simple_net": 0.031326170332402814,
    "precision_directional_hit_rate": 0.5057688069425939,
    "precision_top20_actual_overlap": 0.0653846153846154,
    "precision_rmse": 0.044847647552975434,
    "precision_mae": 0.03015855978163335,
    "reliability_ic_stability_cov": 3.769123411816332
  },
  "monthly": {
    "horizon": "monthly",
    "horizon_days": 20,
    "n_panels": 65,
    "n_effective": 65.0,
    "overlap_pct": 0.0,
    "rebals_per_year": 12.6,
    "mean_ret_per_panel": 0.018067949882269698,
    "sharpe": 0.8074558694106327,
    "win_rate": 0.5538461538461539,
    "mdd_per_panel": 0.34937908943215584,
    "mean_alpha_per_panel": 0.0057431100842389084,
    "ir": 0.415951238465138,
    "t_stat": 0.9680738234050273,
    "effective_t_stat": 0.9680738234050273,
    "is_significant_p05": false,
    "mean_ic": -0.022068424302986993,
    "annualized_simple_gross": 0.2556535179903723,
    "annual_cost_drag_log": 0.0756,
    "annualized_simple_net": 0.16422562742211566,
    "precision_directional_hit_rate": 0.5195248830615887,
    "precision_top20_actual_overlap": 0.06615384615384613,
    "precision_rmse": 0.08634539039874237,
    "precision_mae": 0.059804385329858066,
    "reliability_ic_stability_cov": 7.975571198866708
  },
  "quarterly": {
    "horizon": "quarterly",
    "horizon_days": 60,
    "n_panels": 64,
    "n_effective": 32.0,
    "overlap_pct": 50.0,
    "rebals_per_year": 4.2,
    "mean_ret_per_panel": 0.026158176770749577,
    "sharpe": 1.114189524332133,
    "win_rate": 0.640625,
    "mdd_per_panel": 0.5333495342241255,
    "mean_alpha_per_panel": 0.006609815006818543,
    "ir": 0.46448534420343585,
    "t_stat": 1.0726829540419587,
    "effective_t_stat": 0.7585013908662868,
    "is_significant_p05": false,
    "mean_ic": 0.03348530679397519,
    "annualized_simple_gross": 0.11612664916732185,
    "annual_cost_drag_log": 0.0252,
    "annualized_simple_net": 0.08835169190499226,
    "precision_directional_hit_rate": 0.5120143263652464,
    "precision_top20_actual_overlap": 0.03515625,
    "precision_rmse": 0.14810936848575063,
    "precision_mae": 0.10507278281729601,
    "reliability_ic_stability_cov": 3.7906953448558287
  },
  "annual": {
    "horizon": "annual",
    "horizon_days": 252,
    "n_panels": 61,
    "n_effective": 7.261904761904762,
    "overlap_pct": 88.09523809523809,
    "rebals_per_year": 1.0,
    "mean_ret_per_panel": 0.1772782166500417,
    "sharpe": 4.256439527357372,
    "win_rate": 0.8852459016393442,
    "mdd_per_panel": 0.30369222135181206,
    "mean_alpha_per_panel": 0.08460624615568978,
    "ir": 3.100707357653859,
    "t_stat": 6.990931943038396,
    "effective_t_stat": 2.4121006807985608,
    "is_significant_p05": true,
    "mean_ic": 0.10773162975953689,
    "annualized_simple_gross": 0.19396322737175042,
    "annual_cost_drag_log": 0.006,
    "annualized_simple_net": 0.18682089642733302,
    "precision_directional_hit_rate": 0.5967534664142099,
    "precision_top20_actual_overlap": 0.07213114754098361,
    "precision_rmse": 0.30753132932607863,
    "precision_mae": 0.2247299022485391,
    "reliability_ic_stability_cov": 1.0639310219785856
  },
  "_meta": {
    "tool": "multi_cycle_extra_trees_validation.py",
    "tool_ver": "v0.1",
    "model_family": "extra_trees",
    "sklearn_version": "1.8.0",
    "run_at": "2026-05-29T16:25:29.897546",
    "constitution_ver": "v6.1.0",
    "seed": 5422,
    "horizons": [
      5,
      20,
      60,
      252
    ],
    "n_universe": 910,
    "n_panels_input": 95,
    "source_traceability": "per CLAUDE.md \u00a7\u4e00.10 \u2014 all (b) DB query"
  }
}