{
  "weekly": {
    "horizon": "weekly",
    "horizon_days": 5,
    "n_panels": 65,
    "n_effective": 65.0,
    "overlap_pct": 0.0,
    "rebals_per_year": 50.4,
    "mean_ret_per_panel": 0.007442514120174872,
    "sharpe": 0.7297542571304663,
    "win_rate": 0.7230769230769231,
    "mdd_per_panel": 0.14691673600441724,
    "mean_alpha_per_panel": 0.0021109067341952845,
    "ir": 0.4303390644280787,
    "t_stat": 1.001559665980773,
    "effective_t_stat": 1.001559665980773,
    "is_significant_p05": false,
    "mean_ic": -0.005148323657802141,
    "annualized_simple_gross": 0.45514086687215904,
    "annual_cost_drag_log": 0.3024,
    "annualized_simple_net": 0.07541078229768416,
    "precision_directional_hit_rate": 0.482600499097268,
    "precision_top20_actual_overlap": 0.09076923076923077,
    "precision_rmse": 0.046570168366330114,
    "precision_mae": 0.033244236053954934,
    "reliability_ic_stability_cov": 20.046067303825588
  },
  "monthly": {
    "horizon": "monthly",
    "horizon_days": 20,
    "n_panels": 65,
    "n_effective": 65.0,
    "overlap_pct": 0.0,
    "rebals_per_year": 12.6,
    "mean_ret_per_panel": 0.022161811375516562,
    "sharpe": 1.1394661150717307,
    "win_rate": 0.6153846153846154,
    "mdd_per_panel": 0.2681067883784207,
    "mean_alpha_per_panel": 0.008678986164819697,
    "ir": 0.9398070859225524,
    "t_stat": 2.1872819571095836,
    "effective_t_stat": 2.1872819571095836,
    "is_significant_p05": true,
    "mean_ic": 0.02539836230259982,
    "annualized_simple_gross": 0.3221230600017033,
    "annual_cost_drag_log": 0.0756,
    "annualized_simple_net": 0.22585532314936962,
    "precision_directional_hit_rate": 0.5037702647735428,
    "precision_top20_actual_overlap": 0.09923076923076923,
    "precision_rmse": 0.08943708498300139,
    "precision_mae": 0.0650251976611823,
    "reliability_ic_stability_cov": 3.323528419139376
  },
  "quarterly": {
    "horizon": "quarterly",
    "horizon_days": 60,
    "n_panels": 64,
    "n_effective": 32.0,
    "overlap_pct": 50.0,
    "rebals_per_year": 4.2,
    "mean_ret_per_panel": 0.06575066052007646,
    "sharpe": 2.529476034760367,
    "win_rate": 0.75,
    "mdd_per_panel": 0.2637675788741146,
    "mean_alpha_per_panel": 0.043180270967777434,
    "ir": 3.1649690726555457,
    "t_stat": 7.3091829842980784,
    "effective_t_stat": 5.168372853130498,
    "is_significant_p05": true,
    "mean_ic": 0.11319869536040833,
    "annualized_simple_gross": 0.3180492125398251,
    "annual_cost_drag_log": 0.0252,
    "annualized_simple_net": 0.28524938594733906,
    "precision_directional_hit_rate": 0.531771275657529,
    "precision_top20_actual_overlap": 0.11875000000000001,
    "precision_rmse": 0.15076831949654282,
    "precision_mae": 0.1108443627318337,
    "reliability_ic_stability_cov": 0.9341941258967816
  },
  "annual": {
    "horizon": "annual",
    "horizon_days": 252,
    "n_panels": 61,
    "n_effective": 7.261904761904762,
    "overlap_pct": 88.09523809523809,
    "rebals_per_year": 1.0,
    "mean_ret_per_panel": 0.3322326180877184,
    "sharpe": 5.020019411214639,
    "win_rate": 0.9016393442622951,
    "mdd_per_panel": 0.5007525770500507,
    "mean_alpha_per_panel": 0.2264918397950738,
    "ir": 5.528580805622428,
    "t_stat": 12.464875815607167,
    "effective_t_stat": 4.300790750914972,
    "is_significant_p05": true,
    "mean_ic": 0.2942077803866788,
    "annualized_simple_gross": 0.39407709834661575,
    "annual_cost_drag_log": 0.006,
    "annualized_simple_net": 0.3857376790327207,
    "precision_directional_hit_rate": 0.6439605912152832,
    "precision_top20_actual_overlap": 0.17213114754098363,
    "precision_rmse": 0.29395183369890227,
    "precision_mae": 0.2170656399732945,
    "reliability_ic_stability_cov": 0.4401120172149126
  },
  "_meta": {
    "tool": "multi_cycle_xgboost_dedicated_validation.py",
    "tool_ver": "v0.2",
    "model_family": "xgboost",
    "xgboost_version": "3.2.0",
    "run_at": "2026-06-03T20:34:08.323419",
    "constitution_ver": "v6.1.0",
    "seed": 5422,
    "horizons": [
      5,
      20,
      60,
      252
    ],
    "n_universe": 397,
    "n_panels_input": 96,
    "source_traceability": "per CLAUDE.md \u00a7\u4e00.10 \u2014 all (b) DB query"
  }
}