{
  "weekly": {
    "horizon": "weekly",
    "horizon_days": 5,
    "n_panels": 65,
    "n_effective": 65.0,
    "overlap_pct": 0.0,
    "rebals_per_year": 50.4,
    "mean_ret_per_panel": 0.006764861742613524,
    "sharpe": 0.6722847813173629,
    "win_rate": 0.6615384615384615,
    "mdd_per_panel": 0.12404046647626804,
    "mean_alpha_per_panel": 0.0019269120030184226,
    "ir": 0.3227258146814988,
    "t_stat": 0.7511034574222233,
    "effective_t_stat": 0.7511034574222233,
    "is_significant_p05": false,
    "mean_ic": -0.012492131822347126,
    "annualized_simple_gross": 0.4062815634345538,
    "annual_cost_drag_log": 0.3024,
    "annualized_simple_net": 0.039301685969918676,
    "precision_directional_hit_rate": 0.4839895170167738,
    "precision_top20_actual_overlap": 0.06307692307692307,
    "precision_rmse": 0.04524783891397169,
    "precision_mae": 0.030521137535300835,
    "reliability_ic_stability_cov": 8.949850706287723
  },
  "monthly": {
    "horizon": "monthly",
    "horizon_days": 20,
    "n_panels": 65,
    "n_effective": 65.0,
    "overlap_pct": 0.0,
    "rebals_per_year": 12.6,
    "mean_ret_per_panel": 0.023269962090792965,
    "sharpe": 1.0963459008111753,
    "win_rate": 0.676923076923077,
    "mdd_per_panel": 0.33759095983684245,
    "mean_alpha_per_panel": 0.010967488266278864,
    "ir": 0.8571600303696709,
    "t_stat": 1.9949314033343932,
    "effective_t_stat": 1.9949314033343932,
    "is_significant_p05": false,
    "mean_ic": 0.013517213801601877,
    "annualized_simple_gross": 0.3407129468251562,
    "annual_cost_drag_log": 0.0756,
    "annualized_simple_net": 0.24309162467734113,
    "precision_directional_hit_rate": 0.4971370584592888,
    "precision_top20_actual_overlap": 0.06153846153846154,
    "precision_rmse": 0.08715567635563153,
    "precision_mae": 0.0604276261068458,
    "reliability_ic_stability_cov": 6.847560095520862
  },
  "quarterly": {
    "horizon": "quarterly",
    "horizon_days": 60,
    "n_panels": 64,
    "n_effective": 32.0,
    "overlap_pct": 50.0,
    "rebals_per_year": 4.2,
    "mean_ret_per_panel": 0.04205760966976743,
    "sharpe": 1.8021604125575441,
    "win_rate": 0.75,
    "mdd_per_panel": 0.5072085061662276,
    "mean_alpha_per_panel": 0.022519101969944118,
    "ir": 1.8519792632078884,
    "t_stat": 4.276962904586717,
    "effective_t_stat": 3.0242694727165804,
    "is_significant_p05": true,
    "mean_ic": 0.08403413058661557,
    "annualized_simple_gross": 0.19320380268024873,
    "annual_cost_drag_log": 0.0252,
    "annualized_simple_net": 0.16351077039809891,
    "precision_directional_hit_rate": 0.5185819690120146,
    "precision_top20_actual_overlap": 0.04140625,
    "precision_rmse": 0.14912330934088563,
    "precision_mae": 0.10566699033595323,
    "reliability_ic_stability_cov": 1.1153440420900542
  },
  "annual": {
    "horizon": "annual",
    "horizon_days": 252,
    "n_panels": 61,
    "n_effective": 7.261904761904762,
    "overlap_pct": 88.09523809523809,
    "rebals_per_year": 1.0,
    "mean_ret_per_panel": 0.22192589514955469,
    "sharpe": 4.453971365046155,
    "win_rate": 0.8524590163934426,
    "mdd_per_panel": 0.22878401433019047,
    "mean_alpha_per_panel": 0.1297094183271953,
    "ir": 4.040979594915684,
    "t_stat": 9.110893119767953,
    "effective_t_stat": 3.14355677840054,
    "is_significant_p05": true,
    "mean_ic": 0.20468383436771606,
    "annualized_simple_gross": 0.24847885609725462,
    "annual_cost_drag_log": 0.006,
    "annualized_simple_net": 0.2410104107021791,
    "precision_directional_hit_rate": 0.6139146154799251,
    "precision_top20_actual_overlap": 0.07049180327868854,
    "precision_rmse": 0.30332484832560414,
    "precision_mae": 0.21966509517188268,
    "reliability_ic_stability_cov": 0.42136888034353387
  },
  "_meta": {
    "tool": "multi_cycle_catboost_dedicated_validation.py",
    "tool_ver": "v0.1",
    "model_family": "catboost",
    "catboost_version": "1.2.10",
    "run_at": "2026-06-01T06:01:29.985946",
    "constitution_ver": "v6.1.0",
    "seed": 5422,
    "horizons": [
      5,
      20,
      60,
      252
    ],
    "n_universe": 914,
    "n_panels_input": 95,
    "source_traceability": "per CLAUDE.md \u00a7\u4e00.10 \u2014 all (b) DB query"
  }
}