{
  "weekly": {
    "horizon": "weekly",
    "horizon_days": 5,
    "n_panels": 65,
    "n_effective": 65.0,
    "overlap_pct": 0.0,
    "rebals_per_year": 50.4,
    "mean_ret_per_panel": 0.008982651473794885,
    "sharpe": 1.0268154917145775,
    "win_rate": 0.6923076923076923,
    "mdd_per_panel": 0.09548572550387824,
    "mean_alpha_per_panel": 0.004548026748959521,
    "ir": 0.8617805149007701,
    "t_stat": 2.0056849958528584,
    "effective_t_stat": 2.0056849958528584,
    "is_significant_p05": true,
    "mean_ic": 0.04039056993580005,
    "annualized_simple_gross": 0.5725926618000057,
    "annual_cost_drag_log": 0.3024,
    "annualized_simple_net": 0.16221263739032898,
    "precision_directional_hit_rate": 0.5306654460905832,
    "precision_top20_actual_overlap": 0.06538461538461539,
    "precision_rmse": 0.04348661858415398,
    "precision_mae": 0.028761363552434367,
    "reliability_ic_stability_cov": 3.987599847282443
  },
  "monthly": {
    "horizon": "monthly",
    "horizon_days": 20,
    "n_panels": 65,
    "n_effective": 65.0,
    "overlap_pct": 0.0,
    "rebals_per_year": 12.6,
    "mean_ret_per_panel": 0.021132300494108778,
    "sharpe": 1.1099788240655648,
    "win_rate": 0.6461538461538462,
    "mdd_per_panel": 0.2911806918851047,
    "mean_alpha_per_panel": 0.010026239987055301,
    "ir": 0.8113359446959774,
    "t_stat": 1.8882816479787785,
    "effective_t_stat": 1.8882816479787785,
    "is_significant_p05": false,
    "mean_ic": 0.02192637559530789,
    "annualized_simple_gross": 0.30508345148184657,
    "annual_cost_drag_log": 0.0756,
    "annualized_simple_net": 0.2100564195220318,
    "precision_directional_hit_rate": 0.45536195890312997,
    "precision_top20_actual_overlap": 0.057692307692307696,
    "precision_rmse": 0.0873945252340431,
    "precision_mae": 0.06102782911575251,
    "reliability_ic_stability_cov": 6.735463142171878
  },
  "quarterly": {
    "horizon": "quarterly",
    "horizon_days": 60,
    "n_panels": 64,
    "n_effective": 32.0,
    "overlap_pct": 50.0,
    "rebals_per_year": 4.2,
    "mean_ret_per_panel": 0.057570660486353724,
    "sharpe": 2.366539403505299,
    "win_rate": 0.84375,
    "mdd_per_panel": 0.26777675060007033,
    "mean_alpha_per_panel": 0.03998188912046168,
    "ir": 2.1939481407881507,
    "t_stat": 5.066706198688472,
    "effective_t_stat": 3.5827023113725334,
    "is_significant_p05": true,
    "mean_ic": 0.12053185340350878,
    "annualized_simple_gross": 0.27353535107450955,
    "annual_cost_drag_log": 0.0252,
    "annualized_simple_net": 0.24184325773138426,
    "precision_directional_hit_rate": 0.5200480167496246,
    "precision_top20_actual_overlap": 0.0609375,
    "precision_rmse": 0.14897487186684966,
    "precision_mae": 0.10742908622373014,
    "reliability_ic_stability_cov": 1.0332923374522873
  },
  "annual": {
    "horizon": "annual",
    "horizon_days": 252,
    "n_panels": 61,
    "n_effective": 7.261904761904762,
    "overlap_pct": 88.09523809523809,
    "rebals_per_year": 1.0,
    "mean_ret_per_panel": 0.2594560389730283,
    "sharpe": 4.380913994980436,
    "win_rate": 0.8688524590163934,
    "mdd_per_panel": 0.23944689762442906,
    "mean_alpha_per_panel": 0.17596981411721527,
    "ir": 4.135658940696576,
    "t_stat": 9.324359528047914,
    "effective_t_stat": 3.217209686615797,
    "is_significant_p05": true,
    "mean_ic": 0.2361324132972982,
    "annualized_simple_gross": 0.2962247990857876,
    "annual_cost_drag_log": 0.006,
    "annualized_simple_net": 0.2884707357434759,
    "precision_directional_hit_rate": 0.6150165623800874,
    "precision_top20_actual_overlap": 0.1016393442622951,
    "precision_rmse": 0.28907993448031666,
    "precision_mae": 0.20906381045435404,
    "reliability_ic_stability_cov": 0.5201157203904454
  },
  "_meta": {
    "tool": "multi_cycle_lightgbm_validation.py",
    "tool_ver": "v0.1",
    "model_family": "lightgbm",
    "lightgbm_version": "4.6.0",
    "run_at": "2026-05-29T11:25:51.962597",
    "constitution_ver": "v6.1.0",
    "seed": 5422,
    "horizons": [
      5,
      20,
      60,
      252
    ],
    "n_universe": 1121,
    "n_panels_input": 95,
    "source_traceability": "per CLAUDE.md \u00a7\u4e00.10 \u2014 all (b) DB query"
  }
}