{
  "weekly": {
    "horizon": "weekly",
    "horizon_days": 5,
    "n_panels": 65,
    "n_effective": 65.0,
    "overlap_pct": 0.0,
    "rebals_per_year": 50.4,
    "mean_ret_per_panel": 0.005747778471954193,
    "sharpe": 0.4686591824446279,
    "win_rate": 0.7230769230769231,
    "mdd_per_panel": 0.19493710967257552,
    "mean_alpha_per_panel": 0.001191741613662388,
    "ir": 0.14559840626778492,
    "t_stat": 0.33886184918559015,
    "effective_t_stat": 0.33886184918559015,
    "is_significant_p05": false,
    "mean_ic": -0.0344534801528824,
    "annualized_simple_gross": 0.33601063443136625,
    "annual_cost_drag_log": 0.3024,
    "annualized_simple_net": -0.012631509263984597,
    "precision_directional_hit_rate": 0.5032115331123543,
    "precision_top20_actual_overlap": 0.07307692307692308,
    "precision_rmse": 0.042390964698634216,
    "precision_mae": 0.027948410380584234,
    "reliability_ic_stability_cov": 5.209921225651973
  },
  "monthly": {
    "horizon": "monthly",
    "horizon_days": 20,
    "n_panels": 65,
    "n_effective": 65.0,
    "overlap_pct": 0.0,
    "rebals_per_year": 12.6,
    "mean_ret_per_panel": 0.01642791613281227,
    "sharpe": 0.7173057135459132,
    "win_rate": 0.5384615384615384,
    "mdd_per_panel": 0.3143470521789507,
    "mean_alpha_per_panel": 0.0052438415229361605,
    "ir": 0.34220720829471957,
    "t_stat": 0.796443933555917,
    "effective_t_stat": 0.796443933555917,
    "is_significant_p05": false,
    "mean_ic": -0.02216123261062464,
    "annualized_simple_gross": 0.22997241619290332,
    "annual_cost_drag_log": 0.0756,
    "annualized_simple_net": 0.1404144435049941,
    "precision_directional_hit_rate": 0.5171809964533827,
    "precision_top20_actual_overlap": 0.06538461538461539,
    "precision_rmse": 0.08101219724315706,
    "precision_mae": 0.0550371723405352,
    "reliability_ic_stability_cov": 8.907146516202966
  },
  "quarterly": {
    "horizon": "quarterly",
    "horizon_days": 60,
    "n_panels": 64,
    "n_effective": 32.0,
    "overlap_pct": 50.0,
    "rebals_per_year": 4.2,
    "mean_ret_per_panel": 0.017662549592992877,
    "sharpe": 0.86931079786671,
    "win_rate": 0.65625,
    "mdd_per_panel": 0.3605113249872541,
    "mean_alpha_per_panel": -0.00029118188080755423,
    "ir": -0.02228984038425694,
    "t_stat": -0.05147618138417815,
    "effective_t_stat": -0.036399156926341096,
    "is_significant_p05": false,
    "mean_ic": 0.0195898787779875,
    "annualized_simple_gross": 0.07700356500117533,
    "annual_cost_drag_log": 0.0252,
    "annualized_simple_net": 0.050202190791894585,
    "precision_directional_hit_rate": 0.5154501485928021,
    "precision_top20_actual_overlap": 0.02421875,
    "precision_rmse": 0.1393346776887403,
    "precision_mae": 0.09712511166573685,
    "reliability_ic_stability_cov": 6.781018760009323
  },
  "annual": {
    "horizon": "annual",
    "horizon_days": 252,
    "n_panels": 60,
    "n_effective": 7.142857142857142,
    "overlap_pct": 88.09523809523809,
    "rebals_per_year": 1.0,
    "mean_ret_per_panel": 0.1511464940802488,
    "sharpe": 3.5006054152412425,
    "win_rate": 0.8833333333333333,
    "mdd_per_panel": 0.3504904888218996,
    "mean_alpha_per_panel": 0.06811157076962061,
    "ir": 2.7223832726940156,
    "t_stat": 6.087434058552166,
    "effective_t_stat": 2.100364294287249,
    "is_significant_p05": true,
    "mean_ic": 0.08777089674144736,
    "annualized_simple_gross": 0.16316704268744164,
    "annual_cost_drag_log": 0.006,
    "annualized_simple_net": 0.1562089356268075,
    "precision_directional_hit_rate": 0.5934201746507777,
    "precision_top20_actual_overlap": 0.049166666666666664,
    "precision_rmse": 0.28910502404699023,
    "precision_mae": 0.2078667332990691,
    "reliability_ic_stability_cov": 1.212853186440434
  },
  "_meta": {
    "tool": "multi_cycle_extra_trees_validation.py",
    "tool_ver": "v0.1",
    "model_family": "extra_trees",
    "sklearn_version": "1.8.0",
    "run_at": "2026-05-29T18:10:52.489242",
    "constitution_ver": "v6.1.0",
    "seed": 5422,
    "horizons": [
      5,
      20,
      60,
      252
    ],
    "n_universe": 1002,
    "n_panels_input": 95,
    "source_traceability": "per CLAUDE.md \u00a7\u4e00.10 \u2014 all (b) DB query"
  }
}