{
  "weekly": {
    "horizon": "weekly",
    "horizon_days": 5,
    "n_panels": 65,
    "n_effective": 65.0,
    "overlap_pct": 0.0,
    "rebals_per_year": 50.4,
    "mean_ret_per_panel": 0.006128507089818461,
    "std_ret_per_panel": 0.03419757549887705,
    "sharpe": 0.6207975565086604,
    "win_rate": 0.6923076923076923,
    "mdd_per_panel": 0.10974039451107023,
    "mean_alpha_per_panel": 0.0015724702315266562,
    "std_alpha_per_panel": 0.0225049047754098,
    "ir": 0.2420448663590641,
    "t_stat": 0.5633287691999908,
    "effective_t_stat": 0.5633287691999908,
    "is_significant_p05": false,
    "mean_ic": -0.014888298078744052,
    "annualized_simple_gross": 0.3618945166394767,
    "annual_cost_drag_log": 0.3024,
    "annualized_simple_net": 0.00649777687458597,
    "net_sharpe_per_panel": 0.013017344384878907
  },
  "monthly": {
    "horizon": "monthly",
    "horizon_days": 20,
    "n_panels": 65,
    "n_effective": 65.0,
    "overlap_pct": 0.0,
    "rebals_per_year": 12.6,
    "mean_ret_per_panel": 0.021476676200986623,
    "std_ret_per_panel": 0.06699115071370627,
    "sharpe": 1.1105554677448877,
    "win_rate": 0.6307692307692307,
    "mdd_per_panel": 0.3081315430388589,
    "mean_alpha_per_panel": 0.01029260159111051,
    "std_alpha_per_panel": 0.04155803825927104,
    "ir": 0.8579475665644846,
    "t_stat": 1.9967642940789825,
    "effective_t_stat": 1.9967642940789825,
    "is_significant_p05": false,
    "mean_ic": 0.014380328277385819,
    "annualized_simple_gross": 0.3107586872366579,
    "annual_cost_drag_log": 0.0756,
    "annualized_simple_net": 0.21531842437667392,
    "net_sharpe_per_panel": 0.8002964339860595
  },
  "quarterly": {
    "horizon": "quarterly",
    "horizon_days": 60,
    "n_panels": 64,
    "n_effective": 32.0,
    "overlap_pct": 50.0,
    "rebals_per_year": 4.2,
    "mean_ret_per_panel": 0.03539091679523031,
    "std_ret_per_panel": 0.07602573686124492,
    "sharpe": 1.6125819635963163,
    "win_rate": 0.71875,
    "mdd_per_panel": 0.32342320533191127,
    "mean_alpha_per_panel": 0.017437185321429877,
    "std_alpha_per_panel": 0.044490458862740216,
    "ir": 1.3576884433082068,
    "t_stat": 3.135447152878549,
    "effective_t_stat": 2.2170959438524758,
    "is_significant_p05": true,
    "mean_ic": 0.08587068326173698,
    "annualized_simple_gross": 0.16025736923620282,
    "annual_cost_drag_log": 0.0252,
    "annualized_simple_net": 0.1313842132481433,
    "net_sharpe_per_panel": 1.339192838427288
  },
  "annual": {
    "horizon": "annual",
    "horizon_days": 252,
    "n_panels": 60,
    "n_effective": 7.142857142857142,
    "overlap_pct": 88.09523809523809,
    "rebals_per_year": 1.0,
    "mean_ret_per_panel": 0.2125344358809501,
    "std_ret_per_panel": 0.16950166749863604,
    "sharpe": 4.343561296313001,
    "win_rate": 0.8666666666666667,
    "mdd_per_panel": 0.21647551859915204,
    "mean_alpha_per_panel": 0.12949951257032194,
    "std_alpha_per_panel": 0.1042370416702401,
    "ir": 4.30364737396879,
    "t_stat": 9.623248079382675,
    "effective_t_stat": 3.320336034294721,
    "is_significant_p05": true,
    "mean_ic": 0.20156105558784965,
    "annualized_simple_gross": 0.2368087034292401,
    "annual_cost_drag_log": 0.006,
    "annualized_simple_net": 0.22941006930692076,
    "net_sharpe_per_panel": 4.220939436613633
  },
  "_meta": {
    "tool": "multi_cycle_catboost_validation.py",
    "tool_ver": "v0.1",
    "model_family": "catboost",
    "catboost_version": "1.2.10",
    "run_at": "2026-05-29T18:34:55.661787",
    "constitution_ver": "v6.1.0",
    "seed": 5422,
    "horizons": [
      5,
      20,
      60,
      252
    ],
    "n_universe": 1002,
    "n_panels_input": 95,
    "source_traceability": "per CLAUDE.md \u00a7\u4e00.10 \u2014 all (b) DB query"
  }
}