{
  "weekly": {
    "horizon": "weekly",
    "horizon_days": 5,
    "n_panels": 65,
    "n_effective": 65.0,
    "overlap_pct": 0.0,
    "rebals_per_year": 50.4,
    "mean_ret_per_panel": 0.007829331267217497,
    "std_ret_per_panel": 0.03395697565998274,
    "sharpe": 0.798704789254204,
    "win_rate": 0.6923076923076923,
    "mdd_per_panel": 0.1693050353560056,
    "mean_alpha_per_panel": 0.002497723881237912,
    "std_alpha_per_panel": 0.017025100882890415,
    "ir": 0.5082125146089264,
    "t_stat": 1.182800257874413,
    "effective_t_stat": 1.182800257874413,
    "is_significant_p05": false,
    "mean_ic": -0.006115628506593151,
    "annualized_simple_gross": 0.48378802740628246,
    "annual_cost_drag_log": 0.3024,
    "annualized_simple_net": 0.09658224825123818,
    "net_sharpe_per_panel": 0.18661819182142542
  },
  "monthly": {
    "horizon": "monthly",
    "horizon_days": 20,
    "n_panels": 65,
    "n_effective": 65.0,
    "overlap_pct": 0.0,
    "rebals_per_year": 12.6,
    "mean_ret_per_panel": 0.02108973443310421,
    "std_ret_per_panel": 0.0677265874563619,
    "sharpe": 1.0787046248213115,
    "win_rate": 0.6307692307692307,
    "mdd_per_panel": 0.2864081378859278,
    "mean_alpha_per_panel": 0.0076069092224073515,
    "std_alpha_per_panel": 0.03197327474307357,
    "ir": 0.824160388177194,
    "t_stat": 1.9181289158453543,
    "effective_t_stat": 1.9181289158453543,
    "is_significant_p05": false,
    "mean_ic": 0.025605634713362604,
    "annualized_simple_gross": 0.30438368065466426,
    "annual_cost_drag_log": 0.0756,
    "annualized_simple_net": 0.2094076011030528,
    "net_sharpe_per_panel": 0.7718146651844318
  },
  "quarterly": {
    "horizon": "quarterly",
    "horizon_days": 60,
    "n_panels": 64,
    "n_effective": 32.0,
    "overlap_pct": 50.0,
    "rebals_per_year": 4.2,
    "mean_ret_per_panel": 0.06521956796579755,
    "std_ret_per_panel": 0.09000830744269632,
    "sharpe": 2.510070649564676,
    "win_rate": 0.765625,
    "mdd_per_panel": 0.263599760984914,
    "mean_alpha_per_panel": 0.04264917841349854,
    "std_alpha_per_panel": 0.04712972888950039,
    "ir": 3.1347748291294,
    "t_stat": 7.239452365786889,
    "effective_t_stat": 5.119065859924904,
    "is_significant_p05": true,
    "mean_ic": 0.1166099698529401,
    "annualized_simple_gross": 0.3151124633808635,
    "annual_cost_drag_log": 0.0252,
    "annualized_simple_net": 0.2823857181742948,
    "net_sharpe_per_panel": 2.27915185682925
  },
  "annual": {
    "horizon": "annual",
    "horizon_days": 252,
    "n_panels": 61,
    "n_effective": 7.261904761904762,
    "overlap_pct": 88.09523809523809,
    "rebals_per_year": 1.0,
    "mean_ret_per_panel": 0.31798384743800606,
    "std_ret_per_panel": 0.22170377428521873,
    "sharpe": 4.968469134317099,
    "win_rate": 0.9016393442622951,
    "mdd_per_panel": 0.5346308172567724,
    "mean_alpha_per_panel": 0.21224306914536137,
    "std_alpha_per_panel": 0.12524224447812618,
    "ir": 5.870475746357692,
    "t_stat": 13.23572065410811,
    "effective_t_stat": 4.566757488238132,
    "is_significant_p05": true,
    "mean_ic": 0.2936756926121352,
    "annualized_simple_gross": 0.3743540617090888,
    "annual_cost_drag_log": 0.006,
    "annualized_simple_net": 0.36613262630932497,
    "net_sharpe_per_panel": 4.8747196717387675
  },
  "_meta": {
    "tool": "multi_cycle_xgboost_validation.py",
    "tool_ver": "v0.1",
    "model_family": "xgboost",
    "xgboost_version": "3.2.0",
    "run_at": "2026-06-01T15:11:10.177504",
    "constitution_ver": "v6.1.0",
    "seed": 5422,
    "horizons": [
      5,
      20,
      60,
      252
    ],
    "n_universe": 397,
    "n_panels_input": 95,
    "source_traceability": "per CLAUDE.md \u00a7\u4e00.10 \u2014 all (b) DB query"
  }
}