{
  "weekly": {
    "horizon": "weekly",
    "horizon_days": 5,
    "n_panels": 65,
    "n_effective": 65.0,
    "overlap_pct": 0.0,
    "rebals_per_year": 50.4,
    "mean_ret_per_panel": 0.008735027137955067,
    "std_ret_per_panel": 0.030756545760828053,
    "sharpe": 0.9838237964745883,
    "win_rate": 0.7076923076923077,
    "mdd_per_panel": 0.09622868679839411,
    "mean_alpha_per_panel": 0.004300402413119703,
    "std_alpha_per_panel": 0.019627626351739744,
    "ir": 0.7589828070937282,
    "t_stat": 1.7664363512250663,
    "effective_t_stat": 1.7664363512250663,
    "is_significant_p05": false,
    "mean_ic": 0.03297954325987939,
    "annualized_simple_gross": 0.5530882495369602,
    "annual_cost_drag_log": 0.3024,
    "annualized_simple_net": 0.14779804995925439,
    "net_sharpe_per_panel": 0.308045383240093
  },
  "monthly": {
    "horizon": "monthly",
    "horizon_days": 20,
    "n_panels": 65,
    "n_effective": 65.0,
    "overlap_pct": 0.0,
    "rebals_per_year": 12.6,
    "mean_ret_per_panel": 0.020894107673991972,
    "std_ret_per_panel": 0.06832732201350157,
    "sharpe": 1.0593026333746183,
    "win_rate": 0.6307692307692307,
    "mdd_per_panel": 0.35051183129704677,
    "mean_alpha_per_panel": 0.009788047166938492,
    "std_alpha_per_panel": 0.04340579496286227,
    "ir": 0.7811581386551403,
    "t_stat": 1.8180466267206867,
    "effective_t_stat": 1.8180466267206867,
    "is_significant_p05": false,
    "mean_ic": 0.021455545163224857,
    "annualized_simple_gross": 0.3011724682983732,
    "annual_cost_drag_log": 0.0756,
    "annualized_simple_net": 0.20643020672894874,
    "net_sharpe_per_panel": 0.755110853595521
  },
  "quarterly": {
    "horizon": "quarterly",
    "horizon_days": 60,
    "n_panels": 64,
    "n_effective": 32.0,
    "overlap_pct": 50.0,
    "rebals_per_year": 4.2,
    "mean_ret_per_panel": 0.06727294526374777,
    "std_ret_per_panel": 0.08876197020883735,
    "sharpe": 2.6254522944334147,
    "win_rate": 0.8125,
    "mdd_per_panel": 0.2812049320194846,
    "mean_alpha_per_panel": 0.04968417389785573,
    "std_alpha_per_panel": 0.06441205592475642,
    "ir": 2.6720312614675783,
    "t_stat": 6.170791872365607,
    "effective_t_stat": 4.3634087782405535,
    "is_significant_p05": true,
    "mean_ic": 0.1284114844128969,
    "annualized_simple_gross": 0.32650328377084303,
    "annual_cost_drag_log": 0.0252,
    "annualized_simple_net": 0.2934930765129464,
    "net_sharpe_per_panel": 2.3912910918156167
  },
  "annual": {
    "horizon": "annual",
    "horizon_days": 252,
    "n_panels": 61,
    "n_effective": 7.261904761904762,
    "overlap_pct": 88.09523809523809,
    "rebals_per_year": 1.0,
    "mean_ret_per_panel": 0.3017141684596599,
    "std_ret_per_panel": 0.1922468142178413,
    "sharpe": 5.436597441280545,
    "win_rate": 0.9508196721311475,
    "mdd_per_panel": 0.23883838851710593,
    "mean_alpha_per_panel": 0.2182279436038468,
    "std_alpha_per_panel": 0.1446209737193151,
    "ir": 5.227207039647476,
    "t_stat": 11.785391025742237,
    "effective_t_stat": 4.066346225123589,
    "is_significant_p05": true,
    "mean_ic": 0.2606300372546648,
    "annualized_simple_gross": 0.35217467729728624,
    "annual_cost_drag_log": 0.006,
    "annualized_simple_net": 0.3440859197723354,
    "net_sharpe_per_panel": 5.32848324560251
  },
  "_meta": {
    "tool": "multi_cycle_xgboost_validation.py",
    "tool_ver": "v0.1",
    "model_family": "xgboost",
    "xgboost_version": "3.2.0",
    "run_at": "2026-05-29T08:37:40.437475",
    "constitution_ver": "v6.1.0",
    "seed": 5422,
    "horizons": [
      5,
      20,
      60,
      252
    ],
    "n_universe": 1121,
    "n_panels_input": 95,
    "source_traceability": "per CLAUDE.md \u00a7\u4e00.10 \u2014 all (b) DB query"
  }
}