{
  "weekly": {
    "horizon": "weekly",
    "horizon_days": 5,
    "n_panels": 65,
    "n_effective": 65.0,
    "overlap_pct": 0.0,
    "rebals_per_year": 50.4,
    "mean_ret_per_panel": 0.008171885959664659,
    "sharpe": 0.7842200830398024,
    "win_rate": 0.6923076923076923,
    "mdd_per_panel": 0.13151863675299638,
    "mean_alpha_per_panel": 0.0036158491013728563,
    "ir": 0.5631142019017615,
    "t_stat": 1.3105769812352612,
    "effective_t_stat": 1.3105769812352612,
    "is_significant_p05": false,
    "mean_ic": -0.025865778993564344,
    "annualized_simple_gross": 0.5096276822341819,
    "annual_cost_drag_log": 0.3024,
    "annualized_simple_net": 0.11567884848108712,
    "precision_directional_hit_rate": 0.49813155199877207,
    "precision_top20_actual_overlap": 0.0676923076923077,
    "precision_rmse": 0.04254194989371645,
    "precision_mae": 0.028069060983463474,
    "reliability_ic_stability_cov": 5.1712928829338045
  },
  "monthly": {
    "horizon": "monthly",
    "horizon_days": 20,
    "n_panels": 65,
    "n_effective": 65.0,
    "overlap_pct": 0.0,
    "rebals_per_year": 12.6,
    "mean_ret_per_panel": 0.019655290188070683,
    "sharpe": 1.0162915379940174,
    "win_rate": 0.5538461538461539,
    "mdd_per_panel": 0.335110414424892,
    "mean_alpha_per_panel": 0.008471215578194573,
    "ir": 0.6912982437145689,
    "t_stat": 1.608909102844354,
    "effective_t_stat": 1.608909102844354,
    "is_significant_p05": false,
    "mean_ic": 0.0017093873061633424,
    "annualized_simple_gross": 0.2810200266125169,
    "annual_cost_drag_log": 0.0756,
    "annualized_simple_net": 0.18774512463452364,
    "precision_directional_hit_rate": 0.5090621021330116,
    "precision_top20_actual_overlap": 0.05692307692307692,
    "precision_rmse": 0.0812195055108896,
    "precision_mae": 0.05510827972115967,
    "reliability_ic_stability_cov": 77.35073233259844
  },
  "quarterly": {
    "horizon": "quarterly",
    "horizon_days": 60,
    "n_panels": 64,
    "n_effective": 32.0,
    "overlap_pct": 50.0,
    "rebals_per_year": 4.2,
    "mean_ret_per_panel": 0.022903710020157737,
    "sharpe": 1.1690814801196854,
    "win_rate": 0.6875,
    "mdd_per_panel": 0.3871750802170286,
    "mean_alpha_per_panel": 0.004949978546357309,
    "ir": 0.44415568712099746,
    "t_stat": 1.0257336220856443,
    "effective_t_stat": 0.7253031998677986,
    "is_significant_p05": false,
    "mean_ic": 0.05213262757263852,
    "annualized_simple_gross": 0.10097437380111018,
    "annual_cost_drag_log": 0.0252,
    "annualized_simple_net": 0.07357648288787066,
    "precision_directional_hit_rate": 0.5164421329994,
    "precision_top20_actual_overlap": 0.026562500000000003,
    "precision_rmse": 0.14004821607217116,
    "precision_mae": 0.09758173963891481,
    "reliability_ic_stability_cov": 2.230928933697628
  },
  "annual": {
    "horizon": "annual",
    "horizon_days": 252,
    "n_panels": 60,
    "n_effective": 7.142857142857142,
    "overlap_pct": 88.09523809523809,
    "rebals_per_year": 1.0,
    "mean_ret_per_panel": 0.153286512685024,
    "sharpe": 3.8596010714826,
    "win_rate": 0.8833333333333333,
    "mdd_per_panel": 0.44092368008208105,
    "mean_alpha_per_panel": 0.07025158937439586,
    "ir": 3.2277740641593824,
    "t_stat": 7.217522223471147,
    "effective_t_stat": 2.4902817551027447,
    "is_significant_p05": true,
    "mean_ic": 0.13773305761490914,
    "annualized_simple_gross": 0.16565890716643206,
    "annual_cost_drag_log": 0.006,
    "annualized_simple_net": 0.15868589368291186,
    "precision_directional_hit_rate": 0.602472811442961,
    "precision_top20_actual_overlap": 0.035833333333333335,
    "precision_rmse": 0.28647708409232914,
    "precision_mae": 0.20525007463882863,
    "reliability_ic_stability_cov": 0.5988475197555214
  },
  "_meta": {
    "tool": "multi_cycle_random_forest_validation.py",
    "tool_ver": "v0.1",
    "model_family": "random_forest",
    "sklearn_version": "1.8.0",
    "run_at": "2026-05-29T18:06:28.972893",
    "constitution_ver": "v6.1.0",
    "seed": 5422,
    "horizons": [
      5,
      20,
      60,
      252
    ],
    "n_universe": 1002,
    "n_panels_input": 95,
    "source_traceability": "per CLAUDE.md \u00a7\u4e00.10 \u2014 all (b) DB query"
  }
}