{
  "weekly": {
    "horizon": "weekly",
    "horizon_days": 5,
    "n_panels": 65,
    "n_effective": 65.0,
    "overlap_pct": 0.0,
    "rebals_per_year": 50.4,
    "mean_ret_per_panel": 0.007171562896995395,
    "sharpe": 0.7077812161237068,
    "win_rate": 0.6461538461538462,
    "mdd_per_panel": 0.17738149327561797,
    "mean_alpha_per_panel": 0.0018399555110158092,
    "ir": 0.42080952445268643,
    "t_stat": 0.9793808686935948,
    "effective_t_stat": 0.9793808686935948,
    "is_significant_p05": false,
    "mean_ic": -0.009118660138456317,
    "annualized_simple_gross": 0.4354046133754541,
    "annual_cost_drag_log": 0.3024,
    "annualized_simple_net": 0.06082485436746299,
    "precision_directional_hit_rate": 0.5075557615853745,
    "precision_top20_actual_overlap": 0.07999999999999999,
    "precision_rmse": 0.04547134262995382,
    "precision_mae": 0.03233827801932819,
    "reliability_ic_stability_cov": 14.184282131779586
  },
  "monthly": {
    "horizon": "monthly",
    "horizon_days": 20,
    "n_panels": 65,
    "n_effective": 65.0,
    "overlap_pct": 0.0,
    "rebals_per_year": 12.6,
    "mean_ret_per_panel": 0.01973047176286964,
    "sharpe": 0.9147852603293557,
    "win_rate": 0.5538461538461539,
    "mdd_per_panel": 0.33955409180639085,
    "mean_alpha_per_panel": 0.0062476465521727744,
    "ir": 0.5956541044694175,
    "t_stat": 1.3863094829778615,
    "effective_t_stat": 1.3863094829778615,
    "is_significant_p05": false,
    "mean_ic": 0.0062525032716296385,
    "annualized_simple_gross": 0.28223409625560225,
    "annual_cost_drag_log": 0.0756,
    "annualized_simple_net": 0.1888707942334249,
    "precision_directional_hit_rate": 0.5171023915831571,
    "precision_top20_actual_overlap": 0.09769230769230769,
    "precision_rmse": 0.08730427569939996,
    "precision_mae": 0.06328804844561053,
    "reliability_ic_stability_cov": 21.717176915454804
  },
  "quarterly": {
    "horizon": "quarterly",
    "horizon_days": 60,
    "n_panels": 64,
    "n_effective": 32.0,
    "overlap_pct": 50.0,
    "rebals_per_year": 4.2,
    "mean_ret_per_panel": 0.03852940524474069,
    "sharpe": 1.5810617101231454,
    "win_rate": 0.703125,
    "mdd_per_panel": 0.29807981403340944,
    "mean_alpha_per_panel": 0.015959015692441667,
    "ir": 1.4087903604784895,
    "t_stat": 3.2534619754160237,
    "effective_t_stat": 2.300545025149251,
    "is_significant_p05": true,
    "mean_ic": 0.039207344425886685,
    "annualized_simple_gross": 0.1756527226867941,
    "annual_cost_drag_log": 0.0252,
    "annualized_simple_net": 0.14639645131980528,
    "precision_directional_hit_rate": 0.5220440798857502,
    "precision_top20_actual_overlap": 0.06953125,
    "precision_rmse": 0.14971011684108576,
    "precision_mae": 0.10991610960572284,
    "reliability_ic_stability_cov": 2.9206439232753296
  },
  "annual": {
    "horizon": "annual",
    "horizon_days": 252,
    "n_panels": 61,
    "n_effective": 7.261904761904762,
    "overlap_pct": 88.09523809523809,
    "rebals_per_year": 1.0,
    "mean_ret_per_panel": 0.2382959380497,
    "sharpe": 4.558640056244047,
    "win_rate": 0.9016393442622951,
    "mdd_per_panel": 0.5426887273832826,
    "mean_alpha_per_panel": 0.13255515975705537,
    "ir": 4.272486554643963,
    "t_stat": 9.632854470233715,
    "effective_t_stat": 3.323650554032663,
    "is_significant_p05": true,
    "mean_ic": 0.16884087487038657,
    "annualized_simple_gross": 0.26908470771090287,
    "annual_cost_drag_log": 0.006,
    "annualized_simple_net": 0.26149299737077514,
    "precision_directional_hit_rate": 0.6115796991595353,
    "precision_top20_actual_overlap": 0.10245901639344261,
    "precision_rmse": 0.3077178938240812,
    "precision_mae": 0.22828697553979965,
    "reliability_ic_stability_cov": 0.7128459762971812
  },
  "_meta": {
    "tool": "multi_cycle_random_forest_validation.py",
    "tool_ver": "v0.2",
    "model_family": "random_forest",
    "sklearn_version": "1.7.2",
    "run_at": "2026-06-03T20:51:10.608853",
    "constitution_ver": "v6.1.0",
    "seed": 5422,
    "horizons": [
      5,
      20,
      60,
      252
    ],
    "n_universe": 397,
    "n_panels_input": 96,
    "source_traceability": "per CLAUDE.md \u00a7\u4e00.10 \u2014 all (b) DB query"
  }
}