{
  "weekly": {
    "horizon": "weekly",
    "horizon_days": 5,
    "n_panels": 65,
    "n_effective": 65.0,
    "overlap_pct": 0.0,
    "rebals_per_year": 50.4,
    "mean_ret_per_panel": 0.01119332787270109,
    "sharpe": 1.2456321401203265,
    "win_rate": 0.676923076923077,
    "mdd_per_panel": 0.09621484227336113,
    "mean_alpha_per_panel": 0.006758703147865726,
    "ir": 1.162321324076337,
    "t_stat": 2.705155662898887,
    "effective_t_stat": 2.705155662898887,
    "is_significant_p05": true,
    "mean_ic": 0.03361829811966651,
    "annualized_simple_gross": 0.7579418560277271,
    "annual_cost_drag_log": 0.3024,
    "annualized_simple_net": 0.2991935486550463,
    "precision_directional_hit_rate": 0.5065106876977437,
    "precision_top20_actual_overlap": 0.06692307692307692,
    "precision_rmse": 0.044050413463352055,
    "precision_mae": 0.02932053419632557,
    "reliability_ic_stability_cov": 4.760007515639501
  },
  "monthly": {
    "horizon": "monthly",
    "horizon_days": 20,
    "n_panels": 65,
    "n_effective": 65.0,
    "overlap_pct": 0.0,
    "rebals_per_year": 12.6,
    "mean_ret_per_panel": 0.020427108122995242,
    "sharpe": 1.1120372834224863,
    "win_rate": 0.6307692307692307,
    "mdd_per_panel": 0.2628970375818234,
    "mean_alpha_per_panel": 0.009321047615941762,
    "ir": 0.7802767437838316,
    "t_stat": 1.8159952917946367,
    "effective_t_stat": 1.8159952917946367,
    "is_significant_p05": false,
    "mean_ic": 0.021820998170027025,
    "annualized_simple_gross": 0.2935385982353207,
    "annual_cost_drag_log": 0.0756,
    "annualized_simple_net": 0.19935218159185486,
    "precision_directional_hit_rate": 0.4767433547328626,
    "precision_top20_actual_overlap": 0.06461538461538463,
    "precision_rmse": 0.08654994855086216,
    "precision_mae": 0.06012826436119414,
    "reliability_ic_stability_cov": 7.138808497215785
  },
  "quarterly": {
    "horizon": "quarterly",
    "horizon_days": 60,
    "n_panels": 64,
    "n_effective": 32.0,
    "overlap_pct": 50.0,
    "rebals_per_year": 4.2,
    "mean_ret_per_panel": 0.06107364288301949,
    "sharpe": 2.5661847487164158,
    "win_rate": 0.78125,
    "mdd_per_panel": 0.20598379234590658,
    "mean_alpha_per_panel": 0.043484871517127446,
    "ir": 2.468296990561485,
    "t_stat": 5.700287727762467,
    "effective_t_stat": 4.030712107015297,
    "is_significant_p05": true,
    "mean_ic": 0.13015395276228203,
    "annualized_simple_gross": 0.2924107853045532,
    "annual_cost_drag_log": 0.0252,
    "annualized_simple_net": 0.2602489743183285,
    "precision_directional_hit_rate": 0.5267810650124586,
    "precision_top20_actual_overlap": 0.05625,
    "precision_rmse": 0.14546460681089635,
    "precision_mae": 0.1041621526817623,
    "reliability_ic_stability_cov": 0.9258969736331782
  },
  "annual": {
    "horizon": "annual",
    "horizon_days": 252,
    "n_panels": 61,
    "n_effective": 7.261904761904762,
    "overlap_pct": 88.09523809523809,
    "rebals_per_year": 1.0,
    "mean_ret_per_panel": 0.31152354302394125,
    "sharpe": 5.818755729899664,
    "win_rate": 0.9672131147540983,
    "mdd_per_panel": 0.14413110137923724,
    "mean_alpha_per_panel": 0.22803731816812814,
    "ir": 5.756846470772564,
    "t_stat": 12.979529262685269,
    "effective_t_stat": 4.478363060327682,
    "is_significant_p05": true,
    "mean_ic": 0.26362891842493036,
    "annualized_simple_gross": 0.36550393413722837,
    "annual_cost_drag_log": 0.006,
    "annualized_simple_net": 0.35733544051872657,
    "precision_directional_hit_rate": 0.6232355337465489,
    "precision_top20_actual_overlap": 0.11639344262295083,
    "precision_rmse": 0.2845810615298787,
    "precision_mae": 0.20552929759377653,
    "reliability_ic_stability_cov": 0.4269826103499615
  },
  "_meta": {
    "tool": "multi_cycle_xgboost_dedicated_validation.py",
    "tool_ver": "v0.1",
    "model_family": "xgboost",
    "xgboost_version": "3.2.0",
    "run_at": "2026-05-29T11:57:45.720190",
    "constitution_ver": "v6.1.0",
    "seed": 5422,
    "horizons": [
      5,
      20,
      60,
      252
    ],
    "n_universe": 1121,
    "n_panels_input": 95,
    "source_traceability": "per CLAUDE.md \u00a7\u4e00.10 \u2014 all (b) DB query"
  }
}