{
  "weekly": {
    "horizon": "weekly",
    "horizon_days": 5,
    "n_panels": 65,
    "n_effective": 65.0,
    "overlap_pct": 0.0,
    "rebals_per_year": 50.4,
    "mean_ret_per_panel": 0.009073101472325812,
    "std_ret_per_panel": 0.03706909571641635,
    "sharpe": 0.847880015877309,
    "win_rate": 0.7230769230769231,
    "mdd_per_panel": 0.0987695678439503,
    "mean_alpha_per_panel": 0.0042351517327307115,
    "std_alpha_per_panel": 0.025218005357045926,
    "ir": 0.5817667079528489,
    "t_stat": 1.3539883265544674,
    "effective_t_stat": 1.3539883265544674,
    "is_significant_p05": false,
    "mean_ic": -0.005201196746681599,
    "std_ic": 0.10351384293275596,
    "annualized_log_gross": 0.4572843142052209,
    "annualized_simple_gross": 0.5797779737241822,
    "annual_cost_drag_log": 0.3024,
    "annualized_log_net": 0.15488431420522092,
    "annualized_simple_net": 0.16752288747906507,
    "net_sharpe_per_panel": 0.2871808866125537
  },
  "monthly": {
    "horizon": "monthly",
    "horizon_days": 20,
    "n_panels": 65,
    "n_effective": 65.0,
    "overlap_pct": 0.0,
    "rebals_per_year": 12.6,
    "mean_ret_per_panel": 0.02419135895808116,
    "std_ret_per_panel": 0.07068329674929755,
    "sharpe": 1.18558880942263,
    "win_rate": 0.6461538461538462,
    "mdd_per_panel": 0.31677235918614116,
    "mean_alpha_per_panel": 0.011888885133567062,
    "std_alpha_per_panel": 0.04023126651466858,
    "ir": 1.0236890299827084,
    "t_stat": 2.3825065574752538,
    "effective_t_stat": 2.3825065574752538,
    "is_significant_p05": true,
    "mean_ic": 0.015959667534914738,
    "std_ic": 0.08307928556069889,
    "annualized_log_gross": 0.3048111228718226,
    "annualized_simple_gross": 0.35636879176862557,
    "annual_cost_drag_log": 0.0756,
    "annualized_log_net": 0.2292111228718226,
    "annualized_simple_net": 0.2576075206956201,
    "net_sharpe_per_panel": 0.8915361739811021
  },
  "quarterly": {
    "horizon": "quarterly",
    "horizon_days": 60,
    "n_panels": 64,
    "n_effective": 32.0,
    "overlap_pct": 50.0,
    "rebals_per_year": 4.2,
    "mean_ret_per_panel": 0.05633076275781909,
    "std_ret_per_panel": 0.08212815163396468,
    "sharpe": 2.375987799177537,
    "win_rate": 0.8125,
    "mdd_per_panel": 0.27845509564483995,
    "mean_alpha_per_panel": 0.036792255057995785,
    "std_alpha_per_panel": 0.05383494939411545,
    "ir": 2.3674603878218723,
    "t_stat": 5.467415568818935,
    "effective_t_stat": 3.866046624276774,
    "is_significant_p05": true,
    "mean_ic": 0.10176696129724652,
    "std_ic": 0.09176155136405383,
    "annualized_log_gross": 0.2365892035828402,
    "annualized_simple_gross": 0.2669205644331849,
    "annual_cost_drag_log": 0.0252,
    "annualized_log_net": 0.2113892035828402,
    "annualized_simple_net": 0.2353930809185225,
    "net_sharpe_per_panel": 2.122912461704206
  },
  "annual": {
    "horizon": "annual",
    "horizon_days": 252,
    "n_panels": 61,
    "n_effective": 7.261904761904762,
    "overlap_pct": 88.09523809523809,
    "rebals_per_year": 1.0,
    "mean_ret_per_panel": 0.2820094337483798,
    "std_ret_per_panel": 0.19168781350857644,
    "sharpe": 5.09635598137874,
    "win_rate": 0.9508196721311475,
    "mdd_per_panel": 0.12903607735352507,
    "mean_alpha_per_panel": 0.18979295692602033,
    "std_alpha_per_panel": 0.13765194707315767,
    "ir": 4.776264358104407,
    "t_stat": 10.76868443809955,
    "effective_t_stat": 3.7155491250792356,
    "is_significant_p05": true,
    "mean_ic": 0.24534290346714538,
    "std_ic": 0.09207065659369927,
    "annualized_log_gross": 0.2820094337483798,
    "annualized_simple_gross": 0.32579122710863806,
    "annual_cost_drag_log": 0.006,
    "annualized_log_net": 0.2760094337483798,
    "annualized_simple_net": 0.3178602963310968,
    "net_sharpe_per_panel": 4.987926502684223
  },
  "_meta": {
    "tool": "multi_cycle_validation.py",
    "tool_ver": "v0.1",
    "run_at": "2026-06-01T05:43:17.498959",
    "constitution_ver": "v6.1.0",
    "seed": 5422,
    "horizons": [
      5,
      20,
      60,
      252
    ],
    "n_universe": 914,
    "n_panels_input": 95,
    "source_traceability": "per CLAUDE.md \u00a7\u4e00.10 \u2014 all data from (b) DB query"
  }
}