{
  "weekly": {
    "horizon": "weekly",
    "horizon_days": 5,
    "n_panels": 65,
    "n_effective": 65.0,
    "overlap_pct": 0.0,
    "rebals_per_year": 50.4,
    "mean_ret_per_panel": 0.010619223070673086,
    "sharpe": 1.20561830039932,
    "win_rate": 0.6923076923076923,
    "mdd_per_panel": 0.08588008273232367,
    "mean_alpha_per_panel": 0.005771459780260039,
    "ir": 1.0832119057325695,
    "t_stat": 2.5210385116530025,
    "effective_t_stat": 2.5210385116530025,
    "is_significant_p05": true,
    "mean_ic": 0.032081031104644574,
    "annualized_simple_gross": 0.7078048676989905,
    "annual_cost_drag_log": 0.3024,
    "annualized_simple_net": 0.262140189033202,
    "precision_directional_hit_rate": 0.5294022454466922,
    "precision_top20_actual_overlap": 0.06923076923076923,
    "precision_rmse": 0.0455296849826599,
    "precision_mae": 0.03081378070549825,
    "reliability_ic_stability_cov": 4.4960333825894425
  },
  "monthly": {
    "horizon": "monthly",
    "horizon_days": 20,
    "n_panels": 65,
    "n_effective": 65.0,
    "overlap_pct": 0.0,
    "rebals_per_year": 12.6,
    "mean_ret_per_panel": 0.02648889806276552,
    "sharpe": 1.422440393233583,
    "win_rate": 0.6307692307692307,
    "mdd_per_panel": 0.19836746478235057,
    "mean_alpha_per_panel": 0.014164058264734726,
    "ir": 1.286753129361088,
    "t_stat": 2.9947549292448503,
    "effective_t_stat": 2.9947549292448503,
    "is_significant_p05": true,
    "mean_ic": 0.0327454920823214,
    "annualized_simple_gross": 0.39620817482614656,
    "annual_cost_drag_log": 0.0756,
    "annualized_simple_net": 0.29454607904130525,
    "precision_directional_hit_rate": 0.45915201347450146,
    "precision_top20_actual_overlap": 0.07153846153846154,
    "precision_rmse": 0.09179358488613369,
    "precision_mae": 0.06552530425773084,
    "reliability_ic_stability_cov": 4.313267584297537
  },
  "quarterly": {
    "horizon": "quarterly",
    "horizon_days": 60,
    "n_panels": 64,
    "n_effective": 32.0,
    "overlap_pct": 50.0,
    "rebals_per_year": 4.2,
    "mean_ret_per_panel": 0.060625873292233,
    "sharpe": 2.6204953621045406,
    "win_rate": 0.796875,
    "mdd_per_panel": 0.16931289144333528,
    "mean_alpha_per_panel": 0.041077511528301955,
    "ir": 2.62462504227031,
    "t_stat": 6.061311898706386,
    "effective_t_stat": 4.285994746461993,
    "is_significant_p05": true,
    "mean_ic": 0.12747010990473817,
    "annualized_simple_gross": 0.2899825199138317,
    "annual_cost_drag_log": 0.0252,
    "annualized_simple_net": 0.25788113662862044,
    "precision_directional_hit_rate": 0.5236593405636665,
    "precision_top20_actual_overlap": 0.06796875,
    "precision_rmse": 0.15609809986574807,
    "precision_mae": 0.11419070057625333,
    "reliability_ic_stability_cov": 0.9418455369822145
  },
  "annual": {
    "horizon": "annual",
    "horizon_days": 252,
    "n_panels": 61,
    "n_effective": 7.261904761904762,
    "overlap_pct": 88.09523809523809,
    "rebals_per_year": 1.0,
    "mean_ret_per_panel": 0.28066500718137494,
    "sharpe": 5.061143250476123,
    "win_rate": 0.9180327868852459,
    "mdd_per_panel": 0.19615475360859413,
    "mean_alpha_per_panel": 0.18799303668702305,
    "ir": 4.912388394480277,
    "t_stat": 11.075593076790122,
    "effective_t_stat": 3.821442665791741,
    "is_significant_p05": true,
    "mean_ic": 0.2483147452849579,
    "annualized_simple_gross": 0.3240099957962559,
    "annual_cost_drag_log": 0.006,
    "annualized_simple_net": 0.3160897204084536,
    "precision_directional_hit_rate": 0.6193048952740452,
    "precision_top20_actual_overlap": 0.1122950819672131,
    "precision_rmse": 0.3014490311916262,
    "precision_mae": 0.22074452227021013,
    "reliability_ic_stability_cov": 0.6605313765405686
  },
  "_meta": {
    "tool": "multi_cycle_lightgbm_validation.py",
    "tool_ver": "v0.1",
    "model_family": "lightgbm",
    "lightgbm_version": "4.6.0",
    "run_at": "2026-05-29T15:30:33.038264",
    "constitution_ver": "v6.1.0",
    "seed": 5422,
    "horizons": [
      5,
      20,
      60,
      252
    ],
    "n_universe": 910,
    "n_panels_input": 95,
    "source_traceability": "per CLAUDE.md \u00a7\u4e00.10 \u2014 all (b) DB query"
  }
}