{
  "weekly": {
    "horizon": "weekly",
    "horizon_days": 5,
    "n_panels": 66,
    "n_effective": 66.0,
    "overlap_pct": 0.0,
    "rebals_per_year": 50.4,
    "mean_ret_per_panel": 0.0068872477382951195,
    "std_ret_per_panel": 0.02845662199125126,
    "sharpe": 0.8384033080741959,
    "win_rate": 0.6212121212121212,
    "mdd_per_panel": 0.08694341954716434,
    "mean_alpha_per_panel": 0.0024079087432629033,
    "ir": 0.49008397233860834,
    "t_stat": 1.149348793746939,
    "effective_t_stat": 1.149348793746939,
    "is_significant_p05": false,
    "annualized_log_gross": 0.347117286010074,
    "annualized_simple_net": 0.04573217499796822,
    "annual_cost_drag_log": 0.3024,
    "net_sharpe_per_panel": 0.10800706859023437,
    "rank_ic_mean": 0.00470203622745123,
    "rank_ic_std": 0.07470040767691033,
    "rank_ic_ir": 0.21804876032804726,
    "directional_accuracy": 0.4730915571333819,
    "rmse": 0.04603451411754081,
    "mae": 0.030394684094255386,
    "r2": -0.04186592983406756,
    "calibration_p10_p90_coverage": null
  },
  "monthly": {
    "horizon": "monthly",
    "horizon_days": 20,
    "n_panels": 66,
    "n_effective": 66.0,
    "overlap_pct": 0.0,
    "rebals_per_year": 12.6,
    "mean_ret_per_panel": 0.013217025491149222,
    "std_ret_per_panel": 0.04806114489443157,
    "sharpe": 0.9526431268288745,
    "win_rate": 0.6515151515151515,
    "mdd_per_panel": 0.2145750011501077,
    "mean_alpha_per_panel": 0.0018323304060170302,
    "ir": 0.2983343969128718,
    "t_stat": 0.6996561784887761,
    "effective_t_stat": 0.6996561784887761,
    "is_significant_p05": false,
    "annualized_log_gross": 0.1665345211884802,
    "annualized_simple_net": 0.09519729069362448,
    "annual_cost_drag_log": 0.0756,
    "net_sharpe_per_panel": 0.5201813172635626,
    "rank_ic_mean": 0.033170232669389274,
    "rank_ic_std": 0.06476857436161447,
    "rank_ic_ir": 1.7740865488715427,
    "directional_accuracy": 0.492823200456456,
    "rmse": 0.08898854260340576,
    "mae": 0.060168293134627876,
    "r2": -0.042906356878102514,
    "calibration_p10_p90_coverage": null
  },
  "quarterly": {
    "horizon": "quarterly",
    "horizon_days": 60,
    "n_panels": 65,
    "n_effective": 32.5,
    "overlap_pct": 50.0,
    "rebals_per_year": 4.2,
    "mean_ret_per_panel": 0.01570461787199484,
    "std_ret_per_panel": 0.08507137478537048,
    "sharpe": 0.6394911598966427,
    "win_rate": 0.5692307692307692,
    "mdd_per_panel": 0.32940932351260765,
    "mean_alpha_per_panel": -0.0031629319343700474,
    "ir": -0.274554039213902,
    "t_stat": -0.6389897514282129,
    "effective_t_stat": -0.4518339863435958,
    "is_significant_p05": false,
    "annualized_log_gross": 0.06595939506237834,
    "annualized_simple_net": 0.041601460938987866,
    "annual_cost_drag_log": 0.0252,
    "net_sharpe_per_panel": 0.39517149604655505,
    "rank_ic_mean": 0.05024003966247278,
    "rank_ic_std": 0.07685270088556977,
    "rank_ic_ir": 2.2645476415785244,
    "directional_accuracy": 0.516358162897049,
    "rmse": 0.15266890719050294,
    "mae": 0.10610070572910424,
    "r2": -0.07592575711495586,
    "calibration_p10_p90_coverage": null
  },
  "annual": {
    "horizon": "annual",
    "horizon_days": 252,
    "n_panels": 62,
    "n_effective": 7.3809523809523805,
    "overlap_pct": 88.09523809523809,
    "rebals_per_year": 1.0,
    "mean_ret_per_panel": 0.10277062508766178,
    "std_ret_per_panel": 0.1304749202368931,
    "sharpe": 2.7285541750744904,
    "win_rate": 0.8225806451612904,
    "mdd_per_panel": 0.326279442006677,
    "mean_alpha_per_panel": 0.012292821544086441,
    "ir": 0.4455434702323093,
    "t_stat": 1.0127338001556405,
    "effective_t_stat": 0.34942635813465506,
    "is_significant_p05": false,
    "annualized_log_gross": 0.10277062508766178,
    "annualized_simple_net": 0.10160766347819372,
    "annual_cost_drag_log": 0.006,
    "net_sharpe_per_panel": 2.5692545207570974,
    "rank_ic_mean": 0.0834835412857123,
    "rank_ic_std": 0.10819027576957906,
    "rank_ic_ir": 2.6730264633133634,
    "directional_accuracy": 0.5750029551482703,
    "rmse": 0.3245624368041116,
    "mae": 0.22803403283014043,
    "r2": -0.08714398341091933,
    "calibration_p10_p90_coverage": null
  },
  "_meta": {
    "tool": "multi_cycle_itransformer_validation.py",
    "tool_ver": "v0.1",
    "model": "iTransformer (Inverted Transformer, ICLR 2024, from-scratch torch.nn)",
    "run_at": "2026-06-02T02:10:46.468941",
    "constitution_ver": "v6.1.0",
    "seed": 5422,
    "horizons": [
      5,
      20,
      60,
      252
    ],
    "n_universe": 914,
    "n_stocks_with_series": 891,
    "n_weeks": 1774,
    "n_panels_input": 95,
    "lookback_weeks": 104,
    "pred_weeks": 52,
    "d_model": 64,
    "n_heads": 4,
    "n_layers": 2,
    "refit_every": 12,
    "epochs": 20,
    "smoke": false,
    "variates": "stocks (cross-sectional multivariate, inverted)",
    "common_baseline": "universe v0.18 \u00d7 95 panels \u00d7 [('weekly', 5), ('monthly', 20), ('quarterly', 60), ('annual', 252)] \u00d7 top-20 \u00d7 cost 0.006 \u00d7 T_CZ-6",
    "source_traceability": "per CLAUDE.md \u00a7\u4e00.10 \u2014 all data from (b) DB query TaiwanStockPriceAdj/core_universe_*"
  }
}