{
  "weekly": {
    "horizon": "weekly",
    "horizon_days": 5,
    "n_panels": 65,
    "n_effective": 65.0,
    "overlap_pct": 0.0,
    "rebals_per_year": 50.4,
    "mean_ret_per_panel": 0.007857573395231751,
    "sharpe": 0.7080117187992859,
    "win_rate": 0.7230769230769231,
    "mdd_per_panel": 0.126226020208131,
    "mean_alpha_per_panel": 0.003019623655636649,
    "ir": 0.41138408972282564,
    "t_stat": 0.9574443631794861,
    "effective_t_stat": 0.9574443631794861,
    "is_significant_p05": false,
    "mean_ic": -0.00452752467600706,
    "annualized_simple_gross": 0.48590155995735507,
    "annual_cost_drag_log": 0.3024,
    "annualized_simple_net": 0.09814423839659514,
    "precision_directional_hit_rate": 0.4829273468798791,
    "precision_top20_actual_overlap": 0.057692307692307696,
    "precision_rmse": 0.04561049453416715,
    "precision_mae": 0.03078881250715066,
    "reliability_ic_stability_cov": 22.105256328283698
  },
  "monthly": {
    "horizon": "monthly",
    "horizon_days": 20,
    "n_panels": 65,
    "n_effective": 65.0,
    "overlap_pct": 0.0,
    "rebals_per_year": 12.6,
    "mean_ret_per_panel": 0.021289496803725657,
    "sharpe": 1.0242575554418885,
    "win_rate": 0.6307692307692307,
    "mdd_per_panel": 0.4135803673966567,
    "mean_alpha_per_panel": 0.008987022979211555,
    "ir": 0.7526704777914537,
    "t_stat": 1.7517452042896868,
    "effective_t_stat": 1.7517452042896868,
    "is_significant_p05": false,
    "mean_ic": 0.018424771756030668,
    "annualized_simple_gross": 0.30767095734725314,
    "annual_cost_drag_log": 0.0756,
    "annualized_simple_net": 0.21245552134148338,
    "precision_directional_hit_rate": 0.49790622419481617,
    "precision_top20_actual_overlap": 0.06307692307692307,
    "precision_rmse": 0.08789830198004511,
    "precision_mae": 0.06098044533586503,
    "reliability_ic_stability_cov": 4.424777422130223
  },
  "quarterly": {
    "horizon": "quarterly",
    "horizon_days": 60,
    "n_panels": 64,
    "n_effective": 32.0,
    "overlap_pct": 50.0,
    "rebals_per_year": 4.2,
    "mean_ret_per_panel": 0.05953082294576524,
    "sharpe": 2.276756783829599,
    "win_rate": 0.828125,
    "mdd_per_panel": 0.4362985617469499,
    "mean_alpha_per_panel": 0.039992315245941934,
    "ir": 2.5194432719173556,
    "t_stat": 5.818405004997907,
    "effective_t_stat": 4.114233634723768,
    "is_significant_p05": true,
    "mean_ic": 0.09794146239102927,
    "annualized_simple_gross": 0.2840632399754135,
    "annual_cost_drag_log": 0.0252,
    "annualized_simple_net": 0.2521091587436348,
    "precision_directional_hit_rate": 0.522784774227316,
    "precision_top20_actual_overlap": 0.0671875,
    "precision_rmse": 0.14987407013941434,
    "precision_mae": 0.10634012099221532,
    "reliability_ic_stability_cov": 0.9016573259890551
  },
  "annual": {
    "horizon": "annual",
    "horizon_days": 252,
    "n_panels": 61,
    "n_effective": 7.261904761904762,
    "overlap_pct": 88.09523809523809,
    "rebals_per_year": 1.0,
    "mean_ret_per_panel": 0.2856451336595978,
    "sharpe": 4.8529189270361535,
    "win_rate": 0.9508196721311475,
    "mdd_per_panel": 0.06777892096089344,
    "mean_alpha_per_panel": 0.1934286568372384,
    "ir": 4.545710754613186,
    "t_stat": 10.248872548321941,
    "effective_t_stat": 3.53619698384314,
    "is_significant_p05": true,
    "mean_ic": 0.2465821350160521,
    "annualized_simple_gross": 0.3306201791463621,
    "annual_cost_drag_log": 0.006,
    "annualized_simple_net": 0.32266036140414966,
    "precision_directional_hit_rate": 0.6240617915724984,
    "precision_top20_actual_overlap": 0.08852459016393444,
    "precision_rmse": 0.29982571106039946,
    "precision_mae": 0.21692696803534017,
    "reliability_ic_stability_cov": 0.3596892310994937
  },
  "_meta": {
    "tool": "multi_cycle_lightgbm_validation.py",
    "tool_ver": "v0.1",
    "model_family": "lightgbm",
    "lightgbm_version": "4.6.0",
    "run_at": "2026-06-01T05:46:01.113543",
    "constitution_ver": "v6.1.0",
    "seed": 5422,
    "horizons": [
      5,
      20,
      60,
      252
    ],
    "n_universe": 914,
    "n_panels_input": 95,
    "source_traceability": "per CLAUDE.md \u00a7\u4e00.10 \u2014 all (b) DB query"
  }
}