{
  "weekly": {
    "horizon": "weekly",
    "horizon_days": 5,
    "n_panels": 65,
    "n_effective": 65.0,
    "overlap_pct": 0.0,
    "rebals_per_year": 50.4,
    "mean_ret_per_panel": 0.008104507089148697,
    "sharpe": 0.7894478312126615,
    "win_rate": 0.6615384615384615,
    "mdd_per_panel": 0.11860045560209215,
    "mean_alpha_per_panel": 0.00325674379873565,
    "ir": 0.5048137689484353,
    "t_stat": 1.1748901078326104,
    "effective_t_stat": 1.1748901078326104,
    "is_significant_p05": false,
    "mean_ic": 0.004041864243414403,
    "annualized_simple_gross": 0.5045098397707974,
    "annual_cost_drag_log": 0.3024,
    "annualized_simple_net": 0.11189654596143117,
    "precision_directional_hit_rate": 0.5087023789875192,
    "precision_top20_actual_overlap": 0.06384615384615384,
    "precision_rmse": 0.045037201580860345,
    "precision_mae": 0.03029002143892593,
    "reliability_ic_stability_cov": 37.21620029183614
  },
  "monthly": {
    "horizon": "monthly",
    "horizon_days": 20,
    "n_panels": 65,
    "n_effective": 65.0,
    "overlap_pct": 0.0,
    "rebals_per_year": 12.6,
    "mean_ret_per_panel": 0.02262602580445819,
    "sharpe": 1.1507732598582998,
    "win_rate": 0.6307692307692307,
    "mdd_per_panel": 0.30224181807687234,
    "mean_alpha_per_panel": 0.010301186006427395,
    "ir": 0.9301071743511248,
    "t_stat": 2.164706641511793,
    "effective_t_stat": 2.164706641511793,
    "is_significant_p05": true,
    "mean_ic": 0.006727435415349339,
    "annualized_simple_gross": 0.3298789527691066,
    "annual_cost_drag_log": 0.0756,
    "annualized_simple_net": 0.23304648615252055,
    "precision_directional_hit_rate": 0.4891113463996291,
    "precision_top20_actual_overlap": 0.060000000000000005,
    "precision_rmse": 0.08725726672013365,
    "precision_mae": 0.060745230088382,
    "reliability_ic_stability_cov": 22.58696713075389
  },
  "quarterly": {
    "horizon": "quarterly",
    "horizon_days": 60,
    "n_panels": 64,
    "n_effective": 32.0,
    "overlap_pct": 50.0,
    "rebals_per_year": 4.2,
    "mean_ret_per_panel": 0.0392105265009928,
    "sharpe": 1.6468120692196786,
    "win_rate": 0.734375,
    "mdd_per_panel": 0.4628979929065772,
    "mean_alpha_per_panel": 0.01966216473706176,
    "ir": 1.393165813440604,
    "t_stat": 3.217378629662867,
    "effective_t_stat": 2.275030246679295,
    "is_significant_p05": true,
    "mean_ic": 0.05855171992199428,
    "annualized_simple_gross": 0.17902073849638733,
    "annual_cost_drag_log": 0.0252,
    "annualized_simple_net": 0.14968065361662197,
    "precision_directional_hit_rate": 0.5033692161171359,
    "precision_top20_actual_overlap": 0.03828125,
    "precision_rmse": 0.14985027785694938,
    "precision_mae": 0.10687545987608446,
    "reliability_ic_stability_cov": 2.2079867257294166
  },
  "annual": {
    "horizon": "annual",
    "horizon_days": 252,
    "n_panels": 61,
    "n_effective": 7.261904761904762,
    "overlap_pct": 88.09523809523809,
    "rebals_per_year": 1.0,
    "mean_ret_per_panel": 0.17999832716853248,
    "sharpe": 4.2792577606667805,
    "win_rate": 0.9180327868852459,
    "mdd_per_panel": 0.20317914203407872,
    "mean_alpha_per_panel": 0.08732635667418055,
    "ir": 3.5080656179542538,
    "t_stat": 7.909372010323357,
    "effective_t_stat": 2.728992610175274,
    "is_significant_p05": true,
    "mean_ic": 0.15370828883900814,
    "annualized_simple_gross": 0.19721536038060683,
    "annual_cost_drag_log": 0.006,
    "annualized_simple_net": 0.19005357505962905,
    "precision_directional_hit_rate": 0.6054206235247576,
    "precision_top20_actual_overlap": 0.06229508196721311,
    "precision_rmse": 0.30584692116668244,
    "precision_mae": 0.22306561435058175,
    "reliability_ic_stability_cov": 0.7000468187894484
  },
  "_meta": {
    "tool": "multi_cycle_random_forest_validation.py",
    "tool_ver": "v0.1",
    "model_family": "random_forest",
    "sklearn_version": "1.8.0",
    "run_at": "2026-05-29T15:11:59.706965",
    "constitution_ver": "v6.1.0",
    "seed": 5422,
    "horizons": [
      5,
      20,
      60,
      252
    ],
    "n_universe": 910,
    "n_panels_input": 95,
    "source_traceability": "per CLAUDE.md \u00a7\u4e00.10 \u2014 all (b) DB query"
  }
}