{
  "weekly": {
    "horizon": "weekly",
    "horizon_days": 5,
    "n_panels": 65,
    "n_effective": 65.0,
    "overlap_pct": 0.0,
    "rebals_per_year": 50.4,
    "mean_ret_per_panel": 0.011311732534375726,
    "sharpe": 1.3545023811365453,
    "win_rate": 0.6923076923076923,
    "mdd_per_panel": 0.09793382353226199,
    "mean_alpha_per_panel": 0.006463969243962681,
    "ir": 1.253704251020703,
    "t_stat": 2.9178378508577745,
    "effective_t_stat": 2.9178378508577745,
    "is_significant_p05": true,
    "mean_ic": 0.03268220405541175,
    "annualized_simple_gross": 0.7684639054056164,
    "annual_cost_drag_log": 0.3024,
    "annualized_simple_net": 0.30696978916238216,
    "precision_directional_hit_rate": 0.5326864528364943,
    "precision_top20_actual_overlap": 0.0646153846153846,
    "precision_rmse": 0.045522811967338525,
    "precision_mae": 0.030783619051889036,
    "reliability_ic_stability_cov": 4.476216746918936
  },
  "monthly": {
    "horizon": "monthly",
    "horizon_days": 20,
    "n_panels": 65,
    "n_effective": 65.0,
    "overlap_pct": 0.0,
    "rebals_per_year": 12.6,
    "mean_ret_per_panel": 0.021715034246466317,
    "sharpe": 1.0996729282227753,
    "win_rate": 0.5846153846153846,
    "mdd_per_panel": 0.3889414260387325,
    "mean_alpha_per_panel": 0.00939019444843553,
    "ir": 0.7690866506441121,
    "t_stat": 1.7899517673421073,
    "effective_t_stat": 1.7899517673421073,
    "is_significant_p05": false,
    "mean_ic": 0.02699741279445157,
    "annualized_simple_gross": 0.31470122107427767,
    "annual_cost_drag_log": 0.0756,
    "annualized_simple_net": 0.21897389052635008,
    "precision_directional_hit_rate": 0.4536833688863613,
    "precision_top20_actual_overlap": 0.06999999999999999,
    "precision_rmse": 0.0917995821105793,
    "precision_mae": 0.06547289173656266,
    "reliability_ic_stability_cov": 5.112958232985597
  },
  "quarterly": {
    "horizon": "quarterly",
    "horizon_days": 60,
    "n_panels": 64,
    "n_effective": 32.0,
    "overlap_pct": 50.0,
    "rebals_per_year": 4.2,
    "mean_ret_per_panel": 0.05405645975062677,
    "sharpe": 2.342089797380803,
    "win_rate": 0.78125,
    "mdd_per_panel": 0.23263226819255312,
    "mean_alpha_per_panel": 0.03450809798669572,
    "ir": 2.3112730081893496,
    "t_stat": 5.337656373795348,
    "effective_t_stat": 3.7742930175542884,
    "is_significant_p05": true,
    "mean_ic": 0.12247974653591448,
    "annualized_simple_gross": 0.25487646183370005,
    "annual_cost_drag_log": 0.0252,
    "annualized_simple_net": 0.22364869738336912,
    "precision_directional_hit_rate": 0.521505838435586,
    "precision_top20_actual_overlap": 0.05625,
    "precision_rmse": 0.15617547634729517,
    "precision_mae": 0.1142171371452558,
    "reliability_ic_stability_cov": 1.0098793016084386
  },
  "annual": {
    "horizon": "annual",
    "horizon_days": 252,
    "n_panels": 61,
    "n_effective": 7.261904761904762,
    "overlap_pct": 88.09523809523809,
    "rebals_per_year": 1.0,
    "mean_ret_per_panel": 0.2864026024292113,
    "sharpe": 5.51910222339766,
    "win_rate": 0.9180327868852459,
    "mdd_per_panel": 0.2121492846856281,
    "mean_alpha_per_panel": 0.19373063193485937,
    "ir": 5.590217521067162,
    "t_stat": 12.603843487549156,
    "effective_t_stat": 4.348739153049548,
    "is_significant_p05": true,
    "mean_ic": 0.25355546949443786,
    "annualized_simple_gross": 0.33162846420029335,
    "annual_cost_drag_log": 0.006,
    "annualized_simple_net": 0.32366261486064407,
    "precision_directional_hit_rate": 0.6162510892936826,
    "precision_top20_actual_overlap": 0.11557377049180328,
    "precision_rmse": 0.3022277945874808,
    "precision_mae": 0.22178625326303028,
    "reliability_ic_stability_cov": 0.49600833654585613
  },
  "_meta": {
    "tool": "multi_cycle_lightgbm_validation.py",
    "tool_ver": "v0.1",
    "model_family": "lightgbm",
    "lightgbm_version": "4.6.0",
    "run_at": "2026-05-29T14:46:57.512755",
    "constitution_ver": "v6.1.0",
    "seed": 5422,
    "horizons": [
      5,
      20,
      60,
      252
    ],
    "n_universe": 910,
    "n_panels_input": 95,
    "source_traceability": "per CLAUDE.md \u00a7\u4e00.10 \u2014 all (b) DB query"
  }
}