{
  "weekly": {
    "horizon": "weekly",
    "horizon_days": 5,
    "n_panels": 65,
    "n_effective": 65.0,
    "overlap_pct": 0.0,
    "rebals_per_year": 50.4,
    "mean_ret_per_panel": 0.007738147179399655,
    "std_ret_per_panel": 0.03468821878638782,
    "sharpe": 0.7727617352566679,
    "win_rate": 0.676923076923077,
    "mdd_per_panel": 0.11081222346596326,
    "mean_alpha_per_panel": 0.002890383888986608,
    "std_alpha_per_panel": 0.020548724536750194,
    "ir": 0.4872605830254687,
    "t_stat": 1.1340372908724083,
    "effective_t_stat": 1.1340372908724083,
    "is_significant_p05": false,
    "mean_ic": -0.007103143370385402,
    "annualized_simple_gross": 0.4769846603896788,
    "annual_cost_drag_log": 0.3024,
    "annualized_simple_net": 0.09155427163938556,
    "net_sharpe_per_panel": 0.17357819634913765
  },
  "monthly": {
    "horizon": "monthly",
    "horizon_days": 20,
    "n_panels": 65,
    "n_effective": 65.0,
    "overlap_pct": 0.0,
    "rebals_per_year": 12.6,
    "mean_ret_per_panel": 0.01926108025619439,
    "std_ret_per_panel": 0.07359130997450213,
    "sharpe": 0.9066605723950126,
    "win_rate": 0.6923076923076923,
    "mdd_per_panel": 0.3297650048694591,
    "mean_alpha_per_panel": 0.006936240458163598,
    "std_alpha_per_panel": 0.041607093510733814,
    "ir": 0.5774938777665315,
    "t_stat": 1.3440438554898009,
    "effective_t_stat": 1.3440438554898009,
    "is_significant_p05": false,
    "mean_ic": 0.010729107158090135,
    "annualized_simple_gross": 0.2746729185485264,
    "annual_cost_drag_log": 0.0756,
    "annualized_simple_net": 0.18186016850431508,
    "net_sharpe_per_panel": 0.6242276370657193
  },
  "quarterly": {
    "horizon": "quarterly",
    "horizon_days": 60,
    "n_panels": 64,
    "n_effective": 32.0,
    "overlap_pct": 50.0,
    "rebals_per_year": 4.2,
    "mean_ret_per_panel": 0.04540153574641443,
    "std_ret_per_panel": 0.08278556116344417,
    "sharpe": 1.8997942527487182,
    "win_rate": 0.765625,
    "mdd_per_panel": 0.4299980929791556,
    "mean_alpha_per_panel": 0.025853173982483393,
    "std_alpha_per_panel": 0.04865749232722058,
    "ir": 1.840580298443708,
    "t_stat": 4.250638123086387,
    "effective_t_stat": 3.005655041204443,
    "is_significant_p05": true,
    "mean_ic": 0.07957963200413712,
    "annualized_simple_gross": 0.2100799721794846,
    "annual_cost_drag_log": 0.0252,
    "annualized_simple_net": 0.179966974217864,
    "net_sharpe_per_panel": 1.6487286152302223
  },
  "annual": {
    "horizon": "annual",
    "horizon_days": 252,
    "n_panels": 61,
    "n_effective": 7.261904761904762,
    "overlap_pct": 88.09523809523809,
    "rebals_per_year": 1.0,
    "mean_ret_per_panel": 0.2384503048564921,
    "std_ret_per_panel": 0.17436028832167277,
    "sharpe": 4.7374094992293685,
    "win_rate": 0.9180327868852459,
    "mdd_per_panel": 0.2507112258854085,
    "mean_alpha_per_panel": 0.14577833436214013,
    "std_alpha_per_panel": 0.11070872010877005,
    "ir": 4.5614380061465205,
    "t_stat": 10.284331600866578,
    "effective_t_stat": 3.548431519307122,
    "is_significant_p05": true,
    "mean_ic": 0.2029855055709653,
    "annualized_simple_gross": 0.269280627386139,
    "annual_cost_drag_log": 0.006,
    "annualized_simple_net": 0.2616877450474715,
    "net_sharpe_per_panel": 4.6182045478560285
  },
  "_meta": {
    "tool": "multi_cycle_catboost_validation.py",
    "tool_ver": "v0.1",
    "model_family": "catboost",
    "catboost_version": "1.2.10",
    "run_at": "2026-05-29T16:57:21.272679",
    "constitution_ver": "v6.1.0",
    "seed": 5422,
    "horizons": [
      5,
      20,
      60,
      252
    ],
    "n_universe": 910,
    "n_panels_input": 95,
    "source_traceability": "per CLAUDE.md \u00a7\u4e00.10 \u2014 all (b) DB query"
  }
}