{
  "weekly": {
    "horizon": "weekly",
    "horizon_days": 5,
    "n_panels": 65,
    "n_effective": 65.0,
    "overlap_pct": 0.0,
    "rebals_per_year": 50.4,
    "mean_ret_per_panel": 0.008389546970754868,
    "sharpe": 0.8236792282430871,
    "win_rate": 0.6615384615384615,
    "mdd_per_panel": 0.13824540257578777,
    "mean_alpha_per_panel": 0.003057939584775281,
    "ir": 0.6248677329692646,
    "t_stat": 1.4543005031314202,
    "effective_t_stat": 1.4543005031314202,
    "is_significant_p05": false,
    "mean_ic": -0.004406528749222651,
    "annualized_simple_gross": 0.5262796414109181,
    "annual_cost_drag_log": 0.3024,
    "annualized_simple_net": 0.12798535216930773,
    "precision_directional_hit_rate": 0.4842205031127839,
    "precision_top20_actual_overlap": 0.09076923076923077,
    "precision_rmse": 0.04660204542809747,
    "precision_mae": 0.033245610216595146,
    "reliability_ic_stability_cov": 23.835365407552814
  },
  "monthly": {
    "horizon": "monthly",
    "horizon_days": 20,
    "n_panels": 65,
    "n_effective": 65.0,
    "overlap_pct": 0.0,
    "rebals_per_year": 12.6,
    "mean_ret_per_panel": 0.024194145667018708,
    "sharpe": 1.2621563888333776,
    "win_rate": 0.5846153846153846,
    "mdd_per_panel": 0.2622483392177759,
    "mean_alpha_per_panel": 0.010711320456321845,
    "ir": 1.2096903724231824,
    "t_stat": 2.8154011231922613,
    "effective_t_stat": 2.8154011231922613,
    "is_significant_p05": true,
    "mean_ic": 0.022857245995007405,
    "annualized_simple_gross": 0.3564164181481986,
    "annual_cost_drag_log": 0.0756,
    "annualized_simple_net": 0.2576516792559598,
    "precision_directional_hit_rate": 0.5064088317825187,
    "precision_top20_actual_overlap": 0.09846153846153846,
    "precision_rmse": 0.08933386028745356,
    "precision_mae": 0.0649599726100594,
    "reliability_ic_stability_cov": 3.5969831686812888
  },
  "quarterly": {
    "horizon": "quarterly",
    "horizon_days": 60,
    "n_panels": 64,
    "n_effective": 32.0,
    "overlap_pct": 50.0,
    "rebals_per_year": 4.2,
    "mean_ret_per_panel": 0.055941598941559714,
    "sharpe": 2.1501452680756934,
    "win_rate": 0.75,
    "mdd_per_panel": 0.2725750411386413,
    "mean_alpha_per_panel": 0.03337120938926069,
    "ir": 2.401689514595175,
    "t_stat": 5.546464351045704,
    "effective_t_stat": 3.921942554233861,
    "is_significant_p05": true,
    "mean_ic": 0.10983396838048502,
    "annualized_simple_gross": 0.26485148933769853,
    "annual_cost_drag_log": 0.0252,
    "annualized_simple_net": 0.2333754950266964,
    "precision_directional_hit_rate": 0.5307908172113545,
    "precision_top20_actual_overlap": 0.10078125000000002,
    "precision_rmse": 0.15103373370749118,
    "precision_mae": 0.11110106618660712,
    "reliability_ic_stability_cov": 0.9831778964876557
  },
  "annual": {
    "horizon": "annual",
    "horizon_days": 252,
    "n_panels": 61,
    "n_effective": 7.261904761904762,
    "overlap_pct": 88.09523809523809,
    "rebals_per_year": 1.0,
    "mean_ret_per_panel": 0.33355967220366334,
    "sharpe": 5.237868354148053,
    "win_rate": 0.9016393442622951,
    "mdd_per_panel": 0.35754879356935376,
    "mean_alpha_per_panel": 0.2278188939110186,
    "ir": 6.173628207377683,
    "t_stat": 13.919215734069134,
    "effective_t_stat": 4.802585695568657,
    "is_significant_p05": true,
    "mean_ic": 0.2909068921782124,
    "annualized_simple_gross": 0.395928342176612,
    "annual_cost_drag_log": 0.006,
    "annualized_simple_net": 0.387577848655581,
    "precision_directional_hit_rate": 0.6459532383180211,
    "precision_top20_actual_overlap": 0.18360655737704923,
    "precision_rmse": 0.29419001975059184,
    "precision_mae": 0.2170870573995114,
    "reliability_ic_stability_cov": 0.44281610665667454
  },
  "_meta": {
    "tool": "multi_cycle_xgboost_validation.py",
    "tool_ver": "v0.2",
    "model_family": "xgboost",
    "xgboost_version": "3.2.0",
    "run_at": "2026-06-03T20:28:23.897167",
    "constitution_ver": "v6.1.0",
    "seed": 5422,
    "horizons": [
      5,
      20,
      60,
      252
    ],
    "n_universe": 397,
    "n_panels_input": 96,
    "source_traceability": "per CLAUDE.md \u00a7\u4e00.10 \u2014 all (b) DB query"
  }
}