{
  "weekly": {
    "horizon": "weekly",
    "horizon_days": 5,
    "n_panels": 65,
    "n_effective": 65.0,
    "overlap_pct": 0.0,
    "rebals_per_year": 50.4,
    "mean_ret_per_panel": 0.007257386759528727,
    "sharpe": 0.7384876231079044,
    "win_rate": 0.6615384615384615,
    "mdd_per_panel": 0.15970763914493294,
    "mean_alpha_per_panel": 0.0019257793735491387,
    "ir": 0.41778220423447,
    "t_stat": 0.9723351643241733,
    "effective_t_stat": 0.9723351643241733,
    "is_significant_p05": false,
    "mean_ic": -0.007002771973397445,
    "annualized_simple_gross": 0.44162693627131033,
    "annual_cost_drag_log": 0.3024,
    "annualized_simple_net": 0.06542341474431845,
    "precision_directional_hit_rate": 0.4853414585084087,
    "precision_top20_actual_overlap": 0.08384615384615386,
    "precision_rmse": 0.04621835797689406,
    "precision_mae": 0.03294112693993398,
    "reliability_ic_stability_cov": 15.587927019955936,
    "reliability_ensemble_disagreement": 0.0025177233389820576
  },
  "monthly": {
    "horizon": "monthly",
    "horizon_days": 20,
    "n_panels": 65,
    "n_effective": 65.0,
    "overlap_pct": 0.0,
    "rebals_per_year": 12.6,
    "mean_ret_per_panel": 0.021759005121230517,
    "sharpe": 1.117670968287631,
    "win_rate": 0.5846153846153846,
    "mdd_per_panel": 0.2900525359024091,
    "mean_alpha_per_panel": 0.008276179910533652,
    "ir": 0.913202926037285,
    "t_stat": 2.1253641446428038,
    "effective_t_stat": 2.1253641446428038,
    "is_significant_p05": true,
    "mean_ic": 0.021741282681255625,
    "annualized_simple_gross": 0.31542981077759524,
    "annual_cost_drag_log": 0.0756,
    "annualized_simple_net": 0.21964942943284393,
    "precision_directional_hit_rate": 0.5001153298183001,
    "precision_top20_actual_overlap": 0.09153846153846155,
    "precision_rmse": 0.08877545038128176,
    "precision_mae": 0.06450905280374664,
    "reliability_ic_stability_cov": 4.254568562043744,
    "reliability_ensemble_disagreement": 0.005301681705389049
  },
  "quarterly": {
    "horizon": "quarterly",
    "horizon_days": 60,
    "n_panels": 64,
    "n_effective": 32.0,
    "overlap_pct": 50.0,
    "rebals_per_year": 4.2,
    "mean_ret_per_panel": 0.06105838650659229,
    "sharpe": 2.4437483294787756,
    "win_rate": 0.8125,
    "mdd_per_panel": 0.21783848101855896,
    "mean_alpha_per_panel": 0.038487996954293266,
    "ir": 3.372594499191241,
    "t_stat": 7.788673367902057,
    "effective_t_stat": 5.507423754890611,
    "is_significant_p05": true,
    "mean_ic": 0.10666521801467274,
    "annualized_simple_gross": 0.2923279744348639,
    "annual_cost_drag_log": 0.0252,
    "annualized_simple_net": 0.2601682242079342,
    "precision_directional_hit_rate": 0.5298769002506147,
    "precision_top20_actual_overlap": 0.1046875,
    "precision_rmse": 0.15003427680671438,
    "precision_mae": 0.11019437098122593,
    "reliability_ic_stability_cov": 0.9848713608812774,
    "reliability_ensemble_disagreement": 0.010113362603154083
  },
  "annual": {
    "horizon": "annual",
    "horizon_days": 252,
    "n_panels": 61,
    "n_effective": 7.261904761904762,
    "overlap_pct": 88.09523809523809,
    "rebals_per_year": 1.0,
    "mean_ret_per_panel": 0.3137968200787952,
    "sharpe": 4.9884498847545595,
    "win_rate": 0.9016393442622951,
    "mdd_per_panel": 0.48141241597585704,
    "mean_alpha_per_panel": 0.2080560417861505,
    "ir": 5.730824763861334,
    "t_stat": 12.920860074956522,
    "effective_t_stat": 4.458120267404583,
    "is_significant_p05": true,
    "mean_ic": 0.2748952597311384,
    "annualized_simple_gross": 0.3686116338919605,
    "annual_cost_drag_log": 0.006,
    "annualized_simple_net": 0.3604245499018164,
    "precision_directional_hit_rate": 0.6426356340796359,
    "precision_top20_actual_overlap": 0.15901639344262294,
    "precision_rmse": 0.2958882382021459,
    "precision_mae": 0.21829240839750175,
    "reliability_ic_stability_cov": 0.4655838757932667,
    "reliability_ensemble_disagreement": 0.021668821473909146
  },
  "_meta": {
    "tool": "multi_cycle_ensemble_validation.py",
    "tool_ver": "v0.2",
    "model_family": "ensemble_tree",
    "members": [
      "lgbm",
      "xgboost",
      "catboost"
    ],
    "run_at": "2026-06-03T21:09:55.389083",
    "constitution_ver": "v6.1.0",
    "seed": 5422,
    "horizons": [
      5,
      20,
      60,
      252
    ],
    "n_universe": 397,
    "n_panels_input": 96,
    "source_traceability": "per CLAUDE.md \u00a7\u4e00.10 \u2014 all (b) DB query"
  }
}