{
  "weekly": {
    "horizon": "weekly",
    "horizon_days": 5,
    "n_panels": 65,
    "n_effective": 65.0,
    "overlap_pct": 0.0,
    "rebals_per_year": 50.4,
    "mean_ret_per_panel": 0.008730275588671661,
    "sharpe": 0.813721911159417,
    "win_rate": 0.7230769230769231,
    "mdd_per_panel": 0.1283090601807449,
    "mean_alpha_per_panel": 0.0038923258490765594,
    "ir": 0.6187394785909054,
    "t_stat": 1.4400377672666393,
    "effective_t_stat": 1.4400377672666393,
    "is_significant_p05": false,
    "mean_ic": -0.03461098574292057,
    "annualized_simple_gross": 0.5527163634699177,
    "annual_cost_drag_log": 0.3024,
    "annualized_simple_net": 0.14752321039190486,
    "precision_directional_hit_rate": 0.5053487947633022,
    "precision_top20_actual_overlap": 0.06923076923076923,
    "precision_rmse": 0.04479219463023251,
    "precision_mae": 0.030107754067773867,
    "reliability_ic_stability_cov": 4.581585976546978
  },
  "monthly": {
    "horizon": "monthly",
    "horizon_days": 20,
    "n_panels": 65,
    "n_effective": 65.0,
    "overlap_pct": 0.0,
    "rebals_per_year": 12.6,
    "mean_ret_per_panel": 0.01754032028554402,
    "sharpe": 0.8157683767838733,
    "win_rate": 0.5692307692307692,
    "mdd_per_panel": 0.35940263143891926,
    "mean_alpha_per_panel": 0.005237846461029918,
    "ir": 0.4120449921972662,
    "t_stat": 0.9589825299792543,
    "effective_t_stat": 0.9589825299792543,
    "is_significant_p05": false,
    "mean_ic": -0.020168792654431927,
    "annualized_simple_gross": 0.2473334535938181,
    "annual_cost_drag_log": 0.0756,
    "annualized_simple_net": 0.15651137181458674,
    "precision_directional_hit_rate": 0.5191876418668127,
    "precision_top20_actual_overlap": 0.07153846153846155,
    "precision_rmse": 0.08627988570922135,
    "precision_mae": 0.059734384604687434,
    "reliability_ic_stability_cov": 8.873340639317849
  },
  "quarterly": {
    "horizon": "quarterly",
    "horizon_days": 60,
    "n_panels": 64,
    "n_effective": 32.0,
    "overlap_pct": 50.0,
    "rebals_per_year": 4.2,
    "mean_ret_per_panel": 0.02457095046220717,
    "sharpe": 1.0213975860441638,
    "win_rate": 0.640625,
    "mdd_per_panel": 0.49795237804879433,
    "mean_alpha_per_panel": 0.0050324427623838625,
    "ir": 0.38119206422795515,
    "t_stat": 0.8803253635798362,
    "effective_t_stat": 0.6224840342378152,
    "is_significant_p05": false,
    "mean_ic": 0.024615968714603927,
    "annualized_simple_gross": 0.10871090317028531,
    "annual_cost_drag_log": 0.0252,
    "annualized_simple_net": 0.08112048771447,
    "precision_directional_hit_rate": 0.5118572372833373,
    "precision_top20_actual_overlap": 0.032031250000000004,
    "precision_rmse": 0.14803868924725072,
    "precision_mae": 0.10495741859042512,
    "reliability_ic_stability_cov": 5.146152794926595
  },
  "annual": {
    "horizon": "annual",
    "horizon_days": 252,
    "n_panels": 61,
    "n_effective": 7.261904761904762,
    "overlap_pct": 88.09523809523809,
    "rebals_per_year": 1.0,
    "mean_ret_per_panel": 0.1668254319094839,
    "sharpe": 3.796673659904597,
    "win_rate": 0.819672131147541,
    "mdd_per_panel": 0.317048525731515,
    "mean_alpha_per_panel": 0.07460895508712449,
    "ir": 2.852073881362297,
    "t_stat": 6.430356722282785,
    "effective_t_stat": 2.218683854166469,
    "is_significant_p05": true,
    "mean_ic": 0.10413094070842331,
    "annualized_simple_gross": 0.1815479867281602,
    "annual_cost_drag_log": 0.006,
    "annualized_simple_net": 0.17447992419955183,
    "precision_directional_hit_rate": 0.5926262432167173,
    "precision_top20_actual_overlap": 0.049999999999999996,
    "precision_rmse": 0.31045757340357244,
    "precision_mae": 0.22640205380889838,
    "reliability_ic_stability_cov": 1.088857796051944
  },
  "_meta": {
    "tool": "multi_cycle_extra_trees_validation.py",
    "tool_ver": "v0.1",
    "model_family": "extra_trees",
    "sklearn_version": "1.8.0",
    "run_at": "2026-06-01T06:14:24.700643",
    "constitution_ver": "v6.1.0",
    "seed": 5422,
    "horizons": [
      5,
      20,
      60,
      252
    ],
    "n_universe": 914,
    "n_panels_input": 95,
    "source_traceability": "per CLAUDE.md \u00a7\u4e00.10 \u2014 all (b) DB query"
  }
}