{
  "weekly": {
    "horizon": "weekly",
    "horizon_days": 5,
    "n_panels": 65,
    "n_effective": 65.0,
    "overlap_pct": 0.0,
    "rebals_per_year": 50.4,
    "mean_ret_per_panel": 0.012255986866566603,
    "sharpe": 1.297403100971848,
    "win_rate": 0.6615384615384615,
    "mdd_per_panel": 0.08218527000691006,
    "mean_alpha_per_panel": 0.007408223576153559,
    "ir": 1.1484855618312464,
    "t_stat": 2.6729546787023932,
    "effective_t_stat": 2.6729546787023932,
    "is_significant_p05": true,
    "mean_ic": 0.03731953987659776,
    "annualized_simple_gross": 0.8546606439837536,
    "annual_cost_drag_log": 0.3024,
    "annualized_simple_net": 0.3706728327481734,
    "precision_directional_hit_rate": 0.5246955913875466,
    "precision_top20_actual_overlap": 0.07461538461538463,
    "precision_rmse": 0.045526755181003076,
    "precision_mae": 0.030856719033781767,
    "reliability_ic_stability_cov": 3.9621539121183815
  },
  "monthly": {
    "horizon": "monthly",
    "horizon_days": 20,
    "n_panels": 65,
    "n_effective": 65.0,
    "overlap_pct": 0.0,
    "rebals_per_year": 12.6,
    "mean_ret_per_panel": 0.020739836442430753,
    "sharpe": 1.0094146373680701,
    "win_rate": 0.6307692307692307,
    "mdd_per_panel": 0.2762112023963253,
    "mean_alpha_per_panel": 0.008414996644399963,
    "ir": 0.6536034928065634,
    "t_stat": 1.521179344499443,
    "effective_t_stat": 1.521179344499443,
    "is_significant_p05": false,
    "mean_ic": 0.03206814602434641,
    "annualized_simple_gross": 0.2986456830612929,
    "annual_cost_drag_log": 0.0756,
    "annualized_simple_net": 0.2040874042871501,
    "precision_directional_hit_rate": 0.45596371363388244,
    "precision_top20_actual_overlap": 0.06538461538461539,
    "precision_rmse": 0.09190820128657104,
    "precision_mae": 0.06570094268151962,
    "reliability_ic_stability_cov": 4.280305177983252
  },
  "quarterly": {
    "horizon": "quarterly",
    "horizon_days": 60,
    "n_panels": 64,
    "n_effective": 32.0,
    "overlap_pct": 50.0,
    "rebals_per_year": 4.2,
    "mean_ret_per_panel": 0.06355285761685738,
    "sharpe": 2.8903732789232266,
    "win_rate": 0.828125,
    "mdd_per_panel": 0.2030465708096948,
    "mean_alpha_per_panel": 0.04400449585292633,
    "ir": 2.8762712929665053,
    "t_stat": 6.642464021026419,
    "effective_t_stat": 4.696931353055443,
    "is_significant_p05": true,
    "mean_ic": 0.1242086759169723,
    "annualized_simple_gross": 0.305938581748576,
    "annual_cost_drag_log": 0.0252,
    "annualized_simple_net": 0.27344012978315213,
    "precision_directional_hit_rate": 0.5207733786903583,
    "precision_top20_actual_overlap": 0.06953125,
    "precision_rmse": 0.15627988077385557,
    "precision_mae": 0.11435113887700322,
    "reliability_ic_stability_cov": 0.9907368040922657
  },
  "annual": {
    "horizon": "annual",
    "horizon_days": 252,
    "n_panels": 61,
    "n_effective": 7.261904761904762,
    "overlap_pct": 88.09523809523809,
    "rebals_per_year": 1.0,
    "mean_ret_per_panel": 0.30122617677527935,
    "sharpe": 5.522849720840705,
    "win_rate": 0.9344262295081968,
    "mdd_per_panel": 0.13425999618672257,
    "mean_alpha_per_panel": 0.2085542062809274,
    "ir": 5.663898548287361,
    "t_stat": 12.769966564439365,
    "effective_t_stat": 4.406057060036506,
    "is_significant_p05": true,
    "mean_ic": 0.26025569719483055,
    "annualized_simple_gross": 0.35151498827340544,
    "annual_cost_drag_log": 0.006,
    "annualized_simple_net": 0.3434301770319088,
    "precision_directional_hit_rate": 0.6140289036255205,
    "precision_top20_actual_overlap": 0.12213114754098363,
    "precision_rmse": 0.3024663442161674,
    "precision_mae": 0.22199736013130172,
    "reliability_ic_stability_cov": 0.41187305534971647
  },
  "_meta": {
    "tool": "multi_cycle_lightgbm_validation.py",
    "tool_ver": "v0.1",
    "model_family": "lightgbm",
    "lightgbm_version": "4.6.0",
    "run_at": "2026-05-29T15:47:04.547905",
    "constitution_ver": "v6.1.0",
    "seed": 5422,
    "horizons": [
      5,
      20,
      60,
      252
    ],
    "n_universe": 910,
    "n_panels_input": 95,
    "source_traceability": "per CLAUDE.md \u00a7\u4e00.10 \u2014 all (b) DB query"
  }
}