{
  "weekly": {
    "horizon": "weekly",
    "horizon_days": 5,
    "n_panels": 66,
    "n_effective": 66.0,
    "overlap_pct": 0.0,
    "rebals_per_year": 50.4,
    "mean_ret_per_panel": 0.0033582457045952707,
    "std_ret_per_panel": 0.027605278397991616,
    "sharpe": 0.42141594087905554,
    "win_rate": 0.6666666666666666,
    "mdd_per_panel": 0.1292567503460728,
    "mean_alpha_per_panel": -0.0015519204518947532,
    "ir": -0.4251090118045916,
    "t_stat": -0.9969690043056105,
    "effective_t_stat": -0.9969690043056105,
    "is_significant_p05": false,
    "annualized_log_gross": 0.16925558351160164,
    "annualized_simple_net": -0.12466133035658256,
    "annual_cost_drag_log": 0.3024,
    "net_sharpe_per_panel": -0.33150563416069045,
    "rank_ic_mean": -0.007849228720386403,
    "rank_ic_std": 0.0770125891558994,
    "rank_ic_ir": -0.3530659881182986,
    "directional_accuracy": 0.4747930707431633,
    "rmse": 0.04846967251305694,
    "mae": 0.033562322446000555,
    "r2": -0.08613572231084965,
    "calibration_p10_p90_coverage": null
  },
  "monthly": {
    "horizon": "monthly",
    "horizon_days": 20,
    "n_panels": 66,
    "n_effective": 66.0,
    "overlap_pct": 0.0,
    "rebals_per_year": 12.6,
    "mean_ret_per_panel": 0.014640025404437013,
    "std_ret_per_panel": 0.052166098461540175,
    "sharpe": 0.9721742116972321,
    "win_rate": 0.6363636363636364,
    "mdd_per_panel": 0.2275715744190402,
    "mean_alpha_per_panel": 0.002317303766136308,
    "ir": 0.374866060100176,
    "t_stat": 0.8791388380583911,
    "effective_t_stat": 0.8791388380583911,
    "is_significant_p05": false,
    "annualized_log_gross": 0.18446432009590635,
    "annualized_simple_net": 0.11501105548477253,
    "annual_cost_drag_log": 0.0756,
    "net_sharpe_per_panel": 0.573742849111239,
    "rank_ic_mean": 0.016492992555692445,
    "rank_ic_std": 0.07203745842038782,
    "rank_ic_ir": 0.7931068558418135,
    "directional_accuracy": 0.5113014144317367,
    "rmse": 0.09332321025192236,
    "mae": 0.06513792956433213,
    "r2": -0.08655296280614322,
    "calibration_p10_p90_coverage": null
  },
  "quarterly": {
    "horizon": "quarterly",
    "horizon_days": 60,
    "n_panels": 65,
    "n_effective": 32.5,
    "overlap_pct": 50.0,
    "rebals_per_year": 4.2,
    "mean_ret_per_panel": 0.02441855995807412,
    "std_ret_per_panel": 0.07884375097424684,
    "sharpe": 1.0728608411557208,
    "win_rate": 0.676923076923077,
    "mdd_per_panel": 0.2966927698944991,
    "mean_alpha_per_panel": 0.0027142947809768326,
    "ir": 0.31922049796919116,
    "t_stat": 0.7429452767555401,
    "effective_t_stat": 0.5253416432443587,
    "is_significant_p05": false,
    "annualized_log_gross": 0.10255795182391131,
    "annualized_simple_net": 0.08042874862463267,
    "annual_cost_drag_log": 0.0252,
    "net_sharpe_per_panel": 0.8092431234038661,
    "rank_ic_mean": 0.029042062718462484,
    "rank_ic_std": 0.09587006374149289,
    "rank_ic_ir": 1.0493855166429373,
    "directional_accuracy": 0.505650268920965,
    "rmse": 0.16456977386066554,
    "mae": 0.11819023168833533,
    "r2": -0.19134023197809746,
    "calibration_p10_p90_coverage": null
  },
  "annual": {
    "horizon": "annual",
    "horizon_days": 252,
    "n_panels": 62,
    "n_effective": 7.3809523809523805,
    "overlap_pct": 88.09523809523809,
    "rebals_per_year": 1.0,
    "mean_ret_per_panel": 0.11386326376666316,
    "std_ret_per_panel": 0.15459758989543523,
    "sharpe": 2.5513587642972713,
    "win_rate": 0.8387096774193549,
    "mdd_per_panel": 0.7852309322417588,
    "mean_alpha_per_panel": 0.010997620158135818,
    "ir": 0.4664482019351009,
    "t_stat": 1.0602508883705428,
    "effective_t_stat": 0.36582131116332334,
    "is_significant_p05": false,
    "annualized_log_gross": 0.11386326376666316,
    "annualized_simple_net": 0.11389542510809392,
    "annual_cost_drag_log": 0.006,
    "net_sharpe_per_panel": 2.416915467316481,
    "rank_ic_mean": 0.08153207205552221,
    "rank_ic_std": 0.1182742771795698,
    "rank_ic_ir": 2.387969634887348,
    "directional_accuracy": 0.5946469786630414,
    "rmse": 0.33257362515757005,
    "mae": 0.23876462838915663,
    "r2": -0.08382742747572847,
    "calibration_p10_p90_coverage": null
  },
  "_meta": {
    "tool": "multi_cycle_itransformer_validation.py",
    "tool_ver": "v0.2",
    "model": "iTransformer (Inverted Transformer, ICLR 2024, from-scratch torch.nn)",
    "run_at": "2026-06-04T23:48:14.013681",
    "constitution_ver": "v6.1.0",
    "seed": 5422,
    "horizons": [
      5,
      20,
      60,
      252
    ],
    "n_universe": 397,
    "n_stocks_with_series": 397,
    "n_weeks": 1774,
    "n_panels_input": 96,
    "lookback_weeks": 104,
    "pred_weeks": 52,
    "d_model": 64,
    "n_heads": 4,
    "n_layers": 2,
    "refit_every": 12,
    "epochs": 20,
    "smoke": false,
    "variates": "stocks (cross-sectional multivariate, inverted)",
    "common_baseline": "universe v0.18 \u00d7 96 panels \u00d7 [('weekly', 5), ('monthly', 20), ('quarterly', 60), ('annual', 252)] \u00d7 top-20 \u00d7 cost 0.006 \u00d7 T_CZ-6",
    "source_traceability": "per CLAUDE.md \u00a7\u4e00.10 \u2014 all data from (b) DB query TaiwanStockPriceAdj/core_universe_*"
  }
}