{
  "weekly": {
    "horizon": "weekly",
    "horizon_days": 5,
    "n_panels": 65,
    "n_effective": 65.0,
    "overlap_pct": 0.0,
    "rebals_per_year": 50.4,
    "mean_ret_per_panel": 0.007716543693791224,
    "sharpe": 0.7181609879508944,
    "win_rate": 0.676923076923077,
    "mdd_per_panel": 0.11103396402232873,
    "mean_alpha_per_panel": 0.0028687804033781777,
    "ir": 0.419907406440262,
    "t_stat": 0.9772813032813777,
    "effective_t_stat": 0.9772813032813777,
    "is_significant_p05": false,
    "mean_ic": -0.001221627733796786,
    "annualized_simple_gross": 0.47537737151965387,
    "annual_cost_drag_log": 0.3024,
    "annualized_simple_net": 0.09036641703338644,
    "precision_directional_hit_rate": 0.49426556203728556,
    "precision_top20_actual_overlap": 0.06153846153846154,
    "precision_rmse": 0.04558287108024084,
    "precision_mae": 0.030899727507644144,
    "reliability_ic_stability_cov": 84.7931758587421
  },
  "monthly": {
    "horizon": "monthly",
    "horizon_days": 20,
    "n_panels": 65,
    "n_effective": 65.0,
    "overlap_pct": 0.0,
    "rebals_per_year": 12.6,
    "mean_ret_per_panel": 0.02672522314421615,
    "sharpe": 1.2697338656078563,
    "win_rate": 0.676923076923077,
    "mdd_per_panel": 0.3574160503856204,
    "mean_alpha_per_panel": 0.01440038334618536,
    "ir": 1.1907647363045484,
    "t_stat": 2.771354102235323,
    "effective_t_stat": 2.771354102235323,
    "is_significant_p05": true,
    "mean_ic": 0.014774813777702199,
    "annualized_simple_gross": 0.4003718543697006,
    "annual_cost_drag_log": 0.0756,
    "annualized_simple_net": 0.29840658861622127,
    "precision_directional_hit_rate": 0.4957531578010365,
    "precision_top20_actual_overlap": 0.06846153846153846,
    "precision_rmse": 0.08799909293103957,
    "precision_mae": 0.06128775092666077,
    "reliability_ic_stability_cov": 5.720087596793011
  },
  "quarterly": {
    "horizon": "quarterly",
    "horizon_days": 60,
    "n_panels": 64,
    "n_effective": 32.0,
    "overlap_pct": 50.0,
    "rebals_per_year": 4.2,
    "mean_ret_per_panel": 0.05472880170044399,
    "sharpe": 2.1715406711307006,
    "win_rate": 0.78125,
    "mdd_per_panel": 0.42099080710529213,
    "mean_alpha_per_panel": 0.035180439936512944,
    "ir": 2.456936056425822,
    "t_stat": 5.674050774236584,
    "effective_t_stat": 4.012159779259469,
    "is_significant_p05": true,
    "mean_ic": 0.09251825046933909,
    "annualized_simple_gross": 0.258425035336739,
    "annual_cost_drag_log": 0.0252,
    "annualized_simple_net": 0.22710896417187643,
    "precision_directional_hit_rate": 0.5199058441255452,
    "precision_top20_actual_overlap": 0.071875,
    "precision_rmse": 0.1499668601405183,
    "precision_mae": 0.10674204376784029,
    "reliability_ic_stability_cov": 1.01057364899412
  },
  "annual": {
    "horizon": "annual",
    "horizon_days": 252,
    "n_panels": 61,
    "n_effective": 7.261904761904762,
    "overlap_pct": 88.09523809523809,
    "rebals_per_year": 1.0,
    "mean_ret_per_panel": 0.2746120963617601,
    "sharpe": 5.278882391463102,
    "win_rate": 0.9016393442622951,
    "mdd_per_panel": 0.1387747895084801,
    "mean_alpha_per_panel": 0.18194012586740807,
    "ir": 5.334581758759419,
    "t_stat": 12.027480738549716,
    "effective_t_stat": 4.149875111663351,
    "is_significant_p05": true,
    "mean_ic": 0.23598260515492003,
    "annualized_simple_gross": 0.3160200868648604,
    "annual_cost_drag_log": 0.006,
    "annualized_simple_net": 0.30814760739949154,
    "precision_directional_hit_rate": 0.6160600408842176,
    "precision_top20_actual_overlap": 0.11557377049180327,
    "precision_rmse": 0.3024653035225578,
    "precision_mae": 0.2205240312226018,
    "reliability_ic_stability_cov": 0.5255694418922539
  },
  "_meta": {
    "tool": "multi_cycle_lightgbm_validation.py",
    "tool_ver": "v0.1",
    "model_family": "lightgbm",
    "lightgbm_version": "4.6.0",
    "run_at": "2026-05-29T16:02:00.007820",
    "constitution_ver": "v6.1.0",
    "seed": 5422,
    "horizons": [
      5,
      20,
      60,
      252
    ],
    "n_universe": 910,
    "n_panels_input": 95,
    "source_traceability": "per CLAUDE.md \u00a7\u4e00.10 \u2014 all (b) DB query"
  }
}