{
  "weekly": {
    "horizon": "weekly",
    "horizon_days": 5,
    "n_panels": 65,
    "n_effective": 65.0,
    "overlap_pct": 0.0,
    "rebals_per_year": 50.4,
    "mean_ret_per_panel": 0.009597001444503006,
    "std_ret_per_panel": 0.03660890017986334,
    "sharpe": 0.9081121814926463,
    "win_rate": 0.676923076923077,
    "mdd_per_panel": 0.10026279141303562,
    "mean_alpha_per_panel": 0.005040964586211204,
    "std_alpha_per_panel": 0.024183737573707394,
    "ir": 0.7220725709466689,
    "t_stat": 1.6805324516201106,
    "effective_t_stat": 1.6805324516201106,
    "is_significant_p05": false,
    "mean_ic": -0.007066844156600187,
    "annualized_simple_gross": 0.6220469042301469,
    "annual_cost_drag_log": 0.3024,
    "annualized_simple_net": 0.1987614188523299,
    "net_sharpe_per_panel": 0.34036473241033105
  },
  "monthly": {
    "horizon": "monthly",
    "horizon_days": 20,
    "n_panels": 65,
    "n_effective": 65.0,
    "overlap_pct": 0.0,
    "rebals_per_year": 12.6,
    "mean_ret_per_panel": 0.017924859528704856,
    "std_ret_per_panel": 0.06334205795937096,
    "sharpe": 0.9802891924403855,
    "win_rate": 0.6615384615384615,
    "mdd_per_panel": 0.33133624030854103,
    "mean_alpha_per_panel": 0.0067407849188287515,
    "std_alpha_per_panel": 0.03598616133667966,
    "ir": 0.6488817661363101,
    "t_stat": 1.5101901237253623,
    "effective_t_stat": 1.5101901237253623,
    "is_significant_p05": false,
    "mean_ic": 0.01697833567149902,
    "annualized_simple_gross": 0.2533916915563523,
    "annual_cost_drag_log": 0.0756,
    "annualized_simple_net": 0.16212849133995721,
    "net_sharpe_per_panel": 0.6521563473699233
  },
  "quarterly": {
    "horizon": "quarterly",
    "horizon_days": 60,
    "n_panels": 64,
    "n_effective": 32.0,
    "overlap_pct": 50.0,
    "rebals_per_year": 4.2,
    "mean_ret_per_panel": 0.05371719536006925,
    "std_ret_per_panel": 0.0829008061989087,
    "sharpe": 2.2446322507528973,
    "win_rate": 0.78125,
    "mdd_per_panel": 0.316839100059344,
    "mean_alpha_per_panel": 0.035763463886268804,
    "std_alpha_per_panel": 0.05455415143774635,
    "ir": 2.270922922386901,
    "t_stat": 5.2444718421958765,
    "effective_t_stat": 3.7084016033586096,
    "is_significant_p05": true,
    "mean_ic": 0.10574795857843058,
    "annualized_simple_gross": 0.25308964858864247,
    "annual_cost_drag_log": 0.0252,
    "annualized_simple_net": 0.2219063492190032,
    "net_sharpe_per_panel": 1.9939156335832544
  },
  "annual": {
    "horizon": "annual",
    "horizon_days": 252,
    "n_panels": 60,
    "n_effective": 7.142857142857142,
    "overlap_pct": 88.09523809523809,
    "rebals_per_year": 1.0,
    "mean_ret_per_panel": 0.2884808504270724,
    "std_ret_per_panel": 0.18596818184483802,
    "sharpe": 5.373644942845759,
    "win_rate": 0.9333333333333333,
    "mdd_per_panel": 0.16700352049085687,
    "mean_alpha_per_panel": 0.20544592711644422,
    "std_alpha_per_panel": 0.13375707168992118,
    "ir": 5.320732271990779,
    "t_stat": 11.897519050248283,
    "effective_t_stat": 4.1050340690979485,
    "is_significant_p05": true,
    "mean_ic": 0.2534467598342566,
    "annualized_simple_gross": 0.33439879611117096,
    "annual_cost_drag_log": 0.006,
    "annualized_simple_net": 0.32641637454644834,
    "net_sharpe_per_panel": 5.261880610449543
  },
  "_meta": {
    "tool": "multi_cycle_xgboost_validation.py",
    "tool_ver": "v0.1",
    "model_family": "xgboost",
    "xgboost_version": "3.2.0",
    "run_at": "2026-05-29T18:29:36.240178",
    "constitution_ver": "v6.1.0",
    "seed": 5422,
    "horizons": [
      5,
      20,
      60,
      252
    ],
    "n_universe": 1002,
    "n_panels_input": 95,
    "source_traceability": "per CLAUDE.md \u00a7\u4e00.10 \u2014 all (b) DB query"
  }
}