{
  "weekly": {
    "horizon": "weekly",
    "horizon_days": 5,
    "n_panels": 66,
    "n_effective": 66.0,
    "overlap_pct": 0.0,
    "rebals_per_year": 50.4,
    "mean_ret_per_panel": 0.006365999380641477,
    "std_ret_per_panel": 0.030937783105641728,
    "sharpe": 0.7128005475099688,
    "win_rate": 0.6515151515151515,
    "mdd_per_panel": 0.13265196041877197,
    "mean_alpha_per_panel": 0.0014559342373342402,
    "ir": 0.33642347336122297,
    "t_stat": 0.7889829807140091,
    "effective_t_stat": 0.7889829807140091,
    "is_significant_p05": false,
    "annualized_log_gross": 0.3208463687843304,
    "annualized_simple_net": 0.018617554006896686,
    "annual_cost_drag_log": 0.3024,
    "net_sharpe_per_panel": 0.04098092747273668,
    "rank_ic_mean": -0.007816947994048662,
    "rank_ic_std": 0.07926453013353532,
    "rank_ic_ir": -0.3416244583297582,
    "directional_accuracy": 0.4998024063202001,
    "rmse": 0.050350964160520824,
    "mae": 0.03480581292924994,
    "r2": -0.16867457865551483,
    "calibration_p10_p90_coverage": 0.8711033007334963
  },
  "monthly": {
    "horizon": "monthly",
    "horizon_days": 20,
    "n_panels": 66,
    "n_effective": 66.0,
    "overlap_pct": 0.0,
    "rebals_per_year": 12.6,
    "mean_ret_per_panel": 0.016865103802902136,
    "std_ret_per_panel": 0.058500132868358715,
    "sharpe": 0.9986718056618028,
    "win_rate": 0.6212121212121212,
    "mdd_per_panel": 0.27131053863128196,
    "mean_alpha_per_panel": 0.004511851320357422,
    "ir": 0.6601899493453376,
    "t_stat": 1.5482826714432019,
    "effective_t_stat": 1.5482826714432019,
    "is_significant_p05": false,
    "annualized_log_gross": 0.2125003079165669,
    "annualized_simple_net": 0.14671382453162551,
    "annual_cost_drag_log": 0.0756,
    "net_sharpe_per_panel": 0.6433801392719576,
    "rank_ic_mean": 0.004246301462808485,
    "rank_ic_std": 0.0670987483069016,
    "rank_ic_ir": 0.21922345985347821,
    "directional_accuracy": 0.5120204675905481,
    "rmse": 0.09446225714950574,
    "mae": 0.06545775150588871,
    "r2": -0.10762304554635715,
    "calibration_p10_p90_coverage": 0.8488229899113421
  },
  "quarterly": {
    "horizon": "quarterly",
    "horizon_days": 60,
    "n_panels": 65,
    "n_effective": 32.5,
    "overlap_pct": 50.0,
    "rebals_per_year": 4.2,
    "mean_ret_per_panel": 0.023036219898687184,
    "std_ret_per_panel": 0.09331392385631544,
    "sharpe": 0.8551757686300525,
    "win_rate": 0.6307692307692307,
    "mdd_per_panel": 0.43973967576089357,
    "mean_alpha_per_panel": 0.0016133889476288034,
    "ir": 0.15318624730758515,
    "t_stat": 0.35652158813454543,
    "effective_t_stat": 0.25209883260933447,
    "is_significant_p05": false,
    "annualized_log_gross": 0.09675212357448618,
    "annualized_simple_net": 0.07417413903789227,
    "annual_cost_drag_log": 0.0252,
    "net_sharpe_per_panel": 0.6324372015237049,
    "rank_ic_mean": 0.024299295285315888,
    "rank_ic_std": 0.06544434069799158,
    "rank_ic_ir": 1.2862109564678559,
    "directional_accuracy": 0.5210704807560559,
    "rmse": 0.1647816568261845,
    "mae": 0.11539395201619163,
    "r2": -0.18611021393300442,
    "calibration_p10_p90_coverage": 0.8329776087547053
  },
  "annual": {
    "horizon": "annual",
    "horizon_days": 252,
    "n_panels": 62,
    "n_effective": 7.3809523809523805,
    "overlap_pct": 88.09523809523809,
    "rebals_per_year": 1.0,
    "mean_ret_per_panel": 0.08282665965535431,
    "std_ret_per_panel": 0.1989899592508098,
    "sharpe": 1.4418816234186966,
    "win_rate": 0.6935483870967742,
    "mdd_per_panel": 1.1389165233677705,
    "mean_alpha_per_panel": -0.01995054178684035,
    "ir": -0.6524634017939397,
    "t_stat": -1.4830690707165397,
    "effective_t_stat": -0.5117074439136773,
    "is_significant_p05": false,
    "annualized_log_gross": 0.08282665965535431,
    "annualized_simple_net": 0.07985487775185374,
    "annual_cost_drag_log": 0.006,
    "net_sharpe_per_panel": 1.3374310784310006,
    "rank_ic_mean": 0.019961213756589307,
    "rank_ic_std": 0.07465941545623203,
    "rank_ic_ir": 0.9261748487014042,
    "directional_accuracy": 0.5392772504345404,
    "rmse": 0.4232675999343288,
    "mae": 0.27897554648442663,
    "r2": -0.7467517239197246,
    "calibration_p10_p90_coverage": 0.7565390717162267
  },
  "_meta": {
    "tool": "multi_cycle_chronos_validation.py",
    "tool_ver": "v0.2",
    "model": "Chronos (Amazon time-series foundation model, 2024, zero-shot pretrained: amazon/chronos-bolt-small)",
    "run_at": "2026-06-04T03:48:42.870080",
    "constitution_ver": "v6.1.0",
    "seed": 5422,
    "horizons": [
      5,
      20,
      60,
      252
    ],
    "n_universe": 397,
    "n_stocks_with_series": 397,
    "n_weeks": 1774,
    "n_panels_input": 96,
    "context_weeks": 256,
    "pred_weeks": 52,
    "batch_size": 32,
    "variates": "per-stock univariate weekly close (zero-shot; foundation model)",
    "is_foundation_model": true,
    "zero_shot": true,
    "calibration_available": true,
    "external_pretrained_prior": true,
    "source_purity_caveat": "\u26a0\ufe0f INPUT series 100% DB-source-pure (TaiwanStockPriceAdj weekly close, \u00a7\u4e00.10 (b)); BUT model weights are EXTERNAL-PRETRAINED on non-DB corpora \u2014 predictive prior NOT DB/FinMind/FRED-traceable. User explicitly authorized 2026-05-30 ('Real Chronos + disclose caveat'). Real Google TimesFM unavailable on this Intel Mac (lingvo Linux-only).",
    "common_baseline": "universe v0.18 \u00d7 96 panels \u00d7 [('weekly', 5), ('monthly', 20), ('quarterly', 60), ('annual', 252)] \u00d7 top-20 \u00d7 cost 0.006 \u00d7 T_CZ-6",
    "source_traceability": "per CLAUDE.md \u00a7\u4e00.10 \u2014 INPUT from (b) DB query TaiwanStockPriceAdj/core_universe_*; model prior external (see caveat)"
  }
}