{
  "weekly": {
    "horizon": "weekly",
    "horizon_days": 5,
    "n_panels": 65,
    "n_effective": 65.0,
    "overlap_pct": 0.0,
    "rebals_per_year": 50.4,
    "mean_ret_per_panel": 0.009335682371100421,
    "sharpe": 1.0585989743840962,
    "win_rate": 0.676923076923077,
    "mdd_per_panel": 0.10509189828275683,
    "mean_alpha_per_panel": 0.004901057646265057,
    "ir": 0.8871782143878958,
    "t_stat": 2.0647949245524804,
    "effective_t_stat": 2.0647949245524804,
    "is_significant_p05": true,
    "mean_ic": 0.03802840815746596,
    "annualized_simple_gross": 0.6008238316328851,
    "annual_cost_drag_log": 0.3024,
    "annualized_simple_net": 0.18307666858231575,
    "precision_directional_hit_rate": 0.5282019410444381,
    "precision_top20_actual_overlap": 0.05923076923076923,
    "precision_rmse": 0.043344475603104116,
    "precision_mae": 0.028603801797741635,
    "reliability_ensemble_disagreement": 0.00312529841399253,
    "reliability_ic_stability_cov": 4.600616996296472
  },
  "monthly": {
    "horizon": "monthly",
    "horizon_days": 20,
    "n_panels": 65,
    "n_effective": 65.0,
    "overlap_pct": 0.0,
    "rebals_per_year": 12.6,
    "mean_ret_per_panel": 0.02103470337125797,
    "sharpe": 1.0559142631931744,
    "win_rate": 0.6307692307692307,
    "mdd_per_panel": 0.34168152425089826,
    "mean_alpha_per_panel": 0.009928642864204492,
    "ir": 0.7398105081521769,
    "t_stat": 1.721815253789946,
    "effective_t_stat": 1.721815253789946,
    "is_significant_p05": false,
    "mean_ic": 0.02257691927982634,
    "annualized_simple_gross": 0.30347954575114655,
    "annual_cost_drag_log": 0.0756,
    "annualized_simple_net": 0.20856929896775767,
    "precision_directional_hit_rate": 0.47179618450723326,
    "precision_top20_actual_overlap": 0.057692307692307696,
    "precision_rmse": 0.08613677392307198,
    "precision_mae": 0.05977740918841179,
    "reliability_ensemble_disagreement": 0.006310157733602054,
    "reliability_ic_stability_cov": 7.182082962096266
  },
  "quarterly": {
    "horizon": "quarterly",
    "horizon_days": 60,
    "n_panels": 64,
    "n_effective": 32.0,
    "overlap_pct": 50.0,
    "rebals_per_year": 4.2,
    "mean_ret_per_panel": 0.05617591507161475,
    "sharpe": 2.677052436786923,
    "win_rate": 0.796875,
    "mdd_per_panel": 0.1946813309367652,
    "mean_alpha_per_panel": 0.03858714370572271,
    "ir": 2.5366699496015492,
    "t_stat": 5.858188312990756,
    "effective_t_stat": 4.142364681583545,
    "is_significant_p05": true,
    "mean_ic": 0.12752836544859195,
    "annualized_simple_gross": 0.26609687749322286,
    "annual_cost_drag_log": 0.0252,
    "annualized_simple_net": 0.2345898915355107,
    "precision_directional_hit_rate": 0.5195339536080079,
    "precision_top20_actual_overlap": 0.05,
    "precision_rmse": 0.14639890873906475,
    "precision_mae": 0.10507377976219869,
    "reliability_ensemble_disagreement": 0.011848839727583434,
    "reliability_ic_stability_cov": 1.0064674963597713
  },
  "annual": {
    "horizon": "annual",
    "horizon_days": 252,
    "n_panels": 61,
    "n_effective": 7.261904761904762,
    "overlap_pct": 88.09523809523809,
    "rebals_per_year": 1.0,
    "mean_ret_per_panel": 0.2804954950844058,
    "sharpe": 4.962095949774057,
    "win_rate": 0.9508196721311475,
    "mdd_per_panel": 0.23148430947869691,
    "mean_alpha_per_panel": 0.19700927022859274,
    "ir": 4.732297791037897,
    "t_stat": 10.669556322260984,
    "effective_t_stat": 3.681346675727889,
    "is_significant_p05": true,
    "mean_ic": 0.251972026649097,
    "annualized_simple_gross": 0.3237855791066695,
    "annual_cost_drag_log": 0.006,
    "annualized_simple_net": 0.3158666461875712,
    "precision_directional_hit_rate": 0.6179900985190665,
    "precision_top20_actual_overlap": 0.10737704918032788,
    "precision_rmse": 0.2865741866202923,
    "precision_mae": 0.20710664206105747,
    "reliability_ensemble_disagreement": 0.02157123893147901,
    "reliability_ic_stability_cov": 0.42978112881211117
  },
  "_meta": {
    "tool": "multi_cycle_ensemble_validation.py",
    "tool_ver": "v0.1",
    "model_family": "ensemble_tree",
    "members": [
      "lgbm",
      "xgboost",
      "catboost"
    ],
    "run_at": "2026-05-29T10:38:04.080654",
    "constitution_ver": "v6.1.0",
    "seed": 5422,
    "horizons": [
      5,
      20,
      60,
      252
    ],
    "n_universe": 1121,
    "n_panels_input": 95,
    "source_traceability": "per CLAUDE.md \u00a7\u4e00.10 \u2014 all (b) DB query"
  }
}