{
  "weekly": {
    "horizon": "weekly",
    "horizon_days": 5,
    "n_panels": 65,
    "n_effective": 65.0,
    "overlap_pct": 0.0,
    "rebals_per_year": 50.4,
    "mean_ret_per_panel": 0.007248419466048729,
    "sharpe": 0.7213844117627859,
    "win_rate": 0.6461538461538462,
    "mdd_per_panel": 0.17663800533736398,
    "mean_alpha_per_panel": 0.0019168120800691418,
    "ir": 0.4378466866349012,
    "t_stat": 1.0190327057564397,
    "effective_t_stat": 1.0190327057564397,
    "is_significant_p05": false,
    "mean_ic": -0.0036511853002238917,
    "annualized_simple_gross": 0.4409755378946236,
    "annual_cost_drag_log": 0.3024,
    "annualized_simple_net": 0.0649420037319497,
    "precision_directional_hit_rate": 0.48991620514337036,
    "precision_top20_actual_overlap": 0.08307692307692308,
    "precision_rmse": 0.04588245986845055,
    "precision_mae": 0.03272297079224848,
    "reliability_ic_stability_cov": 32.767864556543486
  },
  "monthly": {
    "horizon": "monthly",
    "horizon_days": 20,
    "n_panels": 65,
    "n_effective": 65.0,
    "overlap_pct": 0.0,
    "rebals_per_year": 12.6,
    "mean_ret_per_panel": 0.022959249368873377,
    "sharpe": 1.108467720996486,
    "win_rate": 0.5538461538461539,
    "mdd_per_panel": 0.3044130853310173,
    "mean_alpha_per_panel": 0.009476424158176516,
    "ir": 0.9382252296919912,
    "t_stat": 2.1836003870898693,
    "effective_t_stat": 2.1836003870898693,
    "is_significant_p05": true,
    "mean_ic": 0.01964329931237797,
    "annualized_simple_gross": 0.33547434326139447,
    "annual_cost_drag_log": 0.0756,
    "annualized_simple_net": 0.2382344595171646,
    "precision_directional_hit_rate": 0.5021016405150913,
    "precision_top20_actual_overlap": 0.09846153846153846,
    "precision_rmse": 0.08812363693757388,
    "precision_mae": 0.06398182256310296,
    "reliability_ic_stability_cov": 4.971975031030428
  },
  "quarterly": {
    "horizon": "quarterly",
    "horizon_days": 60,
    "n_panels": 64,
    "n_effective": 32.0,
    "overlap_pct": 50.0,
    "rebals_per_year": 4.2,
    "mean_ret_per_panel": 0.05168859262767812,
    "sharpe": 2.114667302898229,
    "win_rate": 0.78125,
    "mdd_per_panel": 0.2664675834239374,
    "mean_alpha_per_panel": 0.0291182030753791,
    "ir": 2.5125478587006196,
    "t_stat": 5.802480730290482,
    "effective_t_stat": 4.102973472092671,
    "is_significant_p05": true,
    "mean_ic": 0.08062435508520505,
    "annualized_simple_gross": 0.24245851367676186,
    "annual_cost_drag_log": 0.0252,
    "annualized_simple_net": 0.21153977148622727,
    "precision_directional_hit_rate": 0.5244698234774369,
    "precision_top20_actual_overlap": 0.0921875,
    "precision_rmse": 0.1499914657744567,
    "precision_mae": 0.11018340763425374,
    "reliability_ic_stability_cov": 1.2801177859308446
  },
  "annual": {
    "horizon": "annual",
    "horizon_days": 252,
    "n_panels": 61,
    "n_effective": 7.261904761904762,
    "overlap_pct": 88.09523809523809,
    "rebals_per_year": 1.0,
    "mean_ret_per_panel": 0.2772491666535978,
    "sharpe": 4.684117995210133,
    "win_rate": 0.9016393442622951,
    "mdd_per_panel": 0.5183922306518447,
    "mean_alpha_per_panel": 0.171508388360953,
    "ir": 4.859647161207124,
    "t_stat": 10.956681380239852,
    "effective_t_stat": 3.780414232595586,
    "is_significant_p05": true,
    "mean_ic": 0.2248161463532705,
    "annualized_simple_gross": 0.3194951042581462,
    "annual_cost_drag_log": 0.006,
    "annualized_simple_net": 0.3116018371138176,
    "precision_directional_hit_rate": 0.6298977294151028,
    "precision_top20_actual_overlap": 0.14098360655737702,
    "precision_rmse": 0.3012151714565515,
    "precision_mae": 0.22266831295611916,
    "reliability_ic_stability_cov": 0.5392367817415836
  },
  "_meta": {
    "tool": "multi_cycle_catboost_dedicated_validation.py",
    "tool_ver": "v0.2",
    "model_family": "catboost",
    "catboost_version": "1.2.10",
    "run_at": "2026-06-03T20:43:29.523375",
    "constitution_ver": "v6.1.0",
    "seed": 5422,
    "horizons": [
      5,
      20,
      60,
      252
    ],
    "n_universe": 397,
    "n_panels_input": 96,
    "source_traceability": "per CLAUDE.md \u00a7\u4e00.10 \u2014 all (b) DB query"
  }
}