{
  "weekly": {
    "horizon": "weekly",
    "horizon_days": 5,
    "n_panels": 65,
    "n_effective": 65.0,
    "overlap_pct": 0.0,
    "rebals_per_year": 50.4,
    "mean_ret_per_panel": 0.00757418884820449,
    "sharpe": 0.7132159934738204,
    "win_rate": 0.6307692307692307,
    "mdd_per_panel": 0.17689244478903743,
    "mean_alpha_per_panel": 0.0022425814622249046,
    "ir": 0.4680117657492232,
    "t_stat": 1.089238106705052,
    "effective_t_stat": 1.089238106705052,
    "is_significant_p05": false,
    "mean_ic": -0.009579206954190131,
    "annualized_simple_gross": 0.4648298874562067,
    "annual_cost_drag_log": 0.3024,
    "annualized_simple_net": 0.08257137921527757,
    "precision_directional_hit_rate": 0.5062343635218505,
    "precision_top20_actual_overlap": 0.07999999999999999,
    "precision_rmse": 0.04547630125426471,
    "precision_mae": 0.0323444001238527,
    "reliability_ic_stability_cov": 13.114649694202427
  },
  "monthly": {
    "horizon": "monthly",
    "horizon_days": 20,
    "n_panels": 65,
    "n_effective": 65.0,
    "overlap_pct": 0.0,
    "rebals_per_year": 12.6,
    "mean_ret_per_panel": 0.02153446446840573,
    "sharpe": 1.0108895646723877,
    "win_rate": 0.5846153846153846,
    "mdd_per_panel": 0.34301577455658483,
    "mean_alpha_per_panel": 0.008051639257708867,
    "ir": 0.7823311986795839,
    "t_stat": 1.8207767753485333,
    "effective_t_stat": 1.8207767753485333,
    "is_significant_p05": false,
    "mean_ic": 0.006391126761453389,
    "annualized_simple_gross": 0.3117134403543085,
    "annual_cost_drag_log": 0.0756,
    "annualized_simple_net": 0.21620365906244055,
    "precision_directional_hit_rate": 0.5169855203905983,
    "precision_top20_actual_overlap": 0.10230769230769231,
    "precision_rmse": 0.08734784790920229,
    "precision_mae": 0.06331702804606235,
    "reliability_ic_stability_cov": 21.06691869930388
  },
  "quarterly": {
    "horizon": "quarterly",
    "horizon_days": 60,
    "n_panels": 64,
    "n_effective": 32.0,
    "overlap_pct": 50.0,
    "rebals_per_year": 4.2,
    "mean_ret_per_panel": 0.0374397488598341,
    "sharpe": 1.5345300078813153,
    "win_rate": 0.6875,
    "mdd_per_panel": 0.2919249468752657,
    "mean_alpha_per_panel": 0.01486935930753508,
    "ir": 1.2777468944210935,
    "t_stat": 2.9508300538009067,
    "effective_t_stat": 2.086551941171686,
    "is_significant_p05": true,
    "mean_ic": 0.04060138578484855,
    "annualized_simple_gross": 0.17028457439224853,
    "annual_cost_drag_log": 0.0252,
    "annualized_simple_net": 0.14116189009584001,
    "precision_directional_hit_rate": 0.5227145660946321,
    "precision_top20_actual_overlap": 0.071875,
    "precision_rmse": 0.14969226594635904,
    "precision_mae": 0.10990618462538487,
    "reliability_ic_stability_cov": 2.8499955845852885
  },
  "annual": {
    "horizon": "annual",
    "horizon_days": 252,
    "n_panels": 61,
    "n_effective": 7.261904761904762,
    "overlap_pct": 88.09523809523809,
    "rebals_per_year": 1.0,
    "mean_ret_per_panel": 0.2313351311689761,
    "sharpe": 4.393669283095726,
    "win_rate": 0.9016393442622951,
    "mdd_per_panel": 0.5988266323932443,
    "mean_alpha_per_panel": 0.12559435287633142,
    "ir": 4.10991102735765,
    "t_stat": 9.266307642118285,
    "effective_t_stat": 3.197179883048343,
    "is_significant_p05": true,
    "mean_ic": 0.16835205955081936,
    "annualized_simple_gross": 0.26028152830602,
    "annual_cost_drag_log": 0.006,
    "annualized_simple_net": 0.252742478901532,
    "precision_directional_hit_rate": 0.6121618870170631,
    "precision_top20_actual_overlap": 0.10163934426229505,
    "precision_rmse": 0.3077402458383037,
    "precision_mae": 0.22826530587456814,
    "reliability_ic_stability_cov": 0.7261638442610474
  },
  "_meta": {
    "tool": "multi_cycle_random_forest_validation.py",
    "tool_ver": "v0.1",
    "model_family": "random_forest",
    "sklearn_version": "1.8.0",
    "run_at": "2026-06-01T15:25:24.905214",
    "constitution_ver": "v6.1.0",
    "seed": 5422,
    "horizons": [
      5,
      20,
      60,
      252
    ],
    "n_universe": 397,
    "n_panels_input": 95,
    "source_traceability": "per CLAUDE.md \u00a7\u4e00.10 \u2014 all (b) DB query"
  }
}