{
  "weekly": {
    "horizon": "weekly",
    "horizon_days": 5,
    "n_panels": 65,
    "n_effective": 65.0,
    "overlap_pct": 0.0,
    "rebals_per_year": 50.4,
    "mean_ret_per_panel": 0.009700203360009887,
    "std_ret_per_panel": 0.031243275095682296,
    "sharpe": 1.0755111307526994,
    "win_rate": 0.6461538461538462,
    "mdd_per_panel": 0.10065949087659373,
    "mean_alpha_per_panel": 0.005265578635174524,
    "std_alpha_per_panel": 0.020379236084364934,
    "ir": 0.89505315013928,
    "t_stat": 2.0831228400794113,
    "effective_t_stat": 2.0831228400794113,
    "is_significant_p05": true,
    "mean_ic": 0.035403878760561516,
    "annualized_simple_gross": 0.6305057607252615,
    "annual_cost_drag_log": 0.3024,
    "annualized_simple_net": 0.20501287236301913,
    "net_sharpe_per_panel": 0.4102604607389505
  },
  "monthly": {
    "horizon": "monthly",
    "horizon_days": 20,
    "n_panels": 65,
    "n_effective": 65.0,
    "overlap_pct": 0.0,
    "rebals_per_year": 12.6,
    "mean_ret_per_panel": 0.02172792432540063,
    "std_ret_per_panel": 0.07038166187861696,
    "sharpe": 1.0694225703141393,
    "win_rate": 0.6307692307692307,
    "mdd_per_panel": 0.2474674998770341,
    "mean_alpha_per_panel": 0.010621863818347151,
    "std_alpha_per_panel": 0.047180816121603616,
    "ir": 0.7798766243058157,
    "t_stat": 1.8150640643884364,
    "effective_t_stat": 1.8150640643884364,
    "is_significant_p05": false,
    "mean_ic": 0.018931492239257237,
    "annualized_simple_gross": 0.31491476560691023,
    "annual_cost_drag_log": 0.0756,
    "annualized_simple_net": 0.2191718862424652,
    "net_sharpe_per_panel": 0.7741097127309736
  },
  "quarterly": {
    "horizon": "quarterly",
    "horizon_days": 60,
    "n_panels": 64,
    "n_effective": 32.0,
    "overlap_pct": 50.0,
    "rebals_per_year": 4.2,
    "mean_ret_per_panel": 0.04985165202399132,
    "std_ret_per_panel": 0.07520922663810885,
    "sharpe": 2.296143651689808,
    "win_rate": 0.78125,
    "mdd_per_panel": 0.1869770363583283,
    "mean_alpha_per_panel": 0.03226288065809927,
    "std_alpha_per_panel": 0.049949968350436955,
    "ir": 2.237476833070718,
    "t_stat": 5.167231407515723,
    "effective_t_stat": 3.653784368214476,
    "is_significant_p05": true,
    "mean_ic": 0.10286909070419524,
    "annualized_simple_gross": 0.23290964206579168,
    "annual_cost_drag_log": 0.0252,
    "annualized_simple_net": 0.20222852479093878,
    "net_sharpe_per_panel": 2.019786472924525
  },
  "annual": {
    "horizon": "annual",
    "horizon_days": 252,
    "n_panels": 61,
    "n_effective": 7.261904761904762,
    "overlap_pct": 88.09523809523809,
    "rebals_per_year": 1.0,
    "mean_ret_per_panel": 0.22959667977460466,
    "std_ret_per_panel": 0.17145486768566856,
    "sharpe": 4.638808101357595,
    "win_rate": 0.8852459016393442,
    "mdd_per_panel": 0.19171102333389456,
    "mean_alpha_per_panel": 0.14611045491879157,
    "std_alpha_per_panel": 0.11110277373924175,
    "ir": 4.555615002561611,
    "t_stat": 10.271202912128606,
    "effective_t_stat": 3.543901691338422,
    "is_significant_p05": true,
    "mean_ic": 0.2128194851328557,
    "annualized_simple_gross": 0.2580924934425022,
    "annual_cost_drag_log": 0.006,
    "annualized_simple_net": 0.250566538923255,
    "net_sharpe_per_panel": 4.5175831401104665
  },
  "_meta": {
    "tool": "multi_cycle_catboost_validation.py",
    "tool_ver": "v0.1",
    "model_family": "catboost",
    "catboost_version": "1.2.10",
    "run_at": "2026-05-29T10:15:26.293071",
    "constitution_ver": "v6.1.0",
    "seed": 5422,
    "horizons": [
      5,
      20,
      60,
      252
    ],
    "n_universe": 1121,
    "n_panels_input": 95,
    "source_traceability": "per CLAUDE.md \u00a7\u4e00.10 \u2014 all (b) DB query"
  }
}