{
  "weekly": {
    "horizon": "weekly",
    "horizon_days": 5,
    "n_panels": 65,
    "n_effective": 65.0,
    "overlap_pct": 0.0,
    "rebals_per_year": 50.4,
    "mean_ret_per_panel": 0.009167601359619165,
    "sharpe": 0.9361617648169777,
    "win_rate": 0.7230769230769231,
    "mdd_per_panel": 0.10193540921632765,
    "mean_alpha_per_panel": 0.00461156450132736,
    "ir": 0.7432978422289404,
    "t_stat": 1.7299315821500694,
    "effective_t_stat": 1.7299315821500694,
    "is_significant_p05": false,
    "mean_ic": -0.011750337454198638,
    "annualized_simple_gross": 0.5873200777715815,
    "annual_cost_drag_log": 0.3024,
    "annualized_simple_net": 0.17309682207085375,
    "precision_directional_hit_rate": 0.4848359312154777,
    "precision_top20_actual_overlap": 0.06615384615384615,
    "precision_rmse": 0.04312853186071223,
    "precision_mae": 0.028517732756911215,
    "reliability_ic_stability_cov": 9.101922252764247
  },
  "monthly": {
    "horizon": "monthly",
    "horizon_days": 20,
    "n_panels": 65,
    "n_effective": 65.0,
    "overlap_pct": 0.0,
    "rebals_per_year": 12.6,
    "mean_ret_per_panel": 0.02048222255632005,
    "sharpe": 1.0592051180903201,
    "win_rate": 0.6153846153846154,
    "mdd_per_panel": 0.3095385873915869,
    "mean_alpha_per_panel": 0.009298147946443945,
    "ir": 0.7400841863742809,
    "t_stat": 1.7224522051879816,
    "effective_t_stat": 1.7224522051879816,
    "is_significant_p05": false,
    "mean_ic": 0.01794732998029685,
    "annualized_simple_gross": 0.2944371975617035,
    "annual_cost_drag_log": 0.0756,
    "annualized_simple_net": 0.2001853512119529,
    "precision_directional_hit_rate": 0.4977265112767536,
    "precision_top20_actual_overlap": 0.061538461538461535,
    "precision_rmse": 0.08241270427617092,
    "precision_mae": 0.05603809307235022,
    "reliability_ic_stability_cov": 4.686207004650643
  },
  "quarterly": {
    "horizon": "quarterly",
    "horizon_days": 60,
    "n_panels": 64,
    "n_effective": 32.0,
    "overlap_pct": 50.0,
    "rebals_per_year": 4.2,
    "mean_ret_per_panel": 0.053989027921103,
    "sharpe": 2.270485423673896,
    "win_rate": 0.8125,
    "mdd_per_panel": 0.27063830060469496,
    "mean_alpha_per_panel": 0.03603529644730257,
    "ir": 2.445889086019272,
    "t_stat": 5.648538888884778,
    "effective_t_stat": 3.994120152126353,
    "is_significant_p05": true,
    "mean_ic": 0.10017407260296791,
    "annualized_simple_gross": 0.2545211139700434,
    "annual_cost_drag_log": 0.0252,
    "annualized_simple_net": 0.22330219239765436,
    "precision_directional_hit_rate": 0.5227491873498153,
    "precision_top20_actual_overlap": 0.056249999999999994,
    "precision_rmse": 0.1409538132623064,
    "precision_mae": 0.09832793948653606,
    "reliability_ic_stability_cov": 0.8977835649811184
  },
  "annual": {
    "horizon": "annual",
    "horizon_days": 252,
    "n_panels": 60,
    "n_effective": 7.142857142857142,
    "overlap_pct": 88.09523809523809,
    "rebals_per_year": 1.0,
    "mean_ret_per_panel": 0.25035091498939155,
    "sharpe": 4.715969001324964,
    "win_rate": 0.9166666666666666,
    "mdd_per_panel": 0.2570751572316823,
    "mean_alpha_per_panel": 0.16731599167876338,
    "ir": 4.7705505410167985,
    "t_stat": 10.66727529981196,
    "effective_t_stat": 3.68055964821181,
    "is_significant_p05": true,
    "mean_ic": 0.23481182828693367,
    "annualized_simple_gross": 0.2844760795207639,
    "annual_cost_drag_log": 0.006,
    "annualized_simple_net": 0.2767922974412105,
    "precision_directional_hit_rate": 0.6215034251063819,
    "precision_top20_actual_overlap": 0.07416666666666667,
    "precision_rmse": 0.27973610949911176,
    "precision_mae": 0.19948584594194324,
    "reliability_ic_stability_cov": 0.38517196585374963
  },
  "_meta": {
    "tool": "multi_cycle_lightgbm_validation.py",
    "tool_ver": "v0.1",
    "model_family": "lightgbm",
    "lightgbm_version": "4.6.0",
    "run_at": "2026-05-29T17:49:19.618553",
    "constitution_ver": "v6.1.0",
    "seed": 5422,
    "horizons": [
      5,
      20,
      60,
      252
    ],
    "n_universe": 1002,
    "n_panels_input": 95,
    "source_traceability": "per CLAUDE.md \u00a7\u4e00.10 \u2014 all (b) DB query"
  }
}