{
  "weekly": {
    "horizon": "weekly",
    "horizon_days": 5,
    "n_panels": 65,
    "n_effective": 65.0,
    "overlap_pct": 0.0,
    "rebals_per_year": 50.4,
    "mean_ret_per_panel": 0.009030340877638729,
    "std_ret_per_panel": 0.038648781797826555,
    "sharpe": 0.8093920937304154,
    "win_rate": 0.6615384615384615,
    "mdd_per_panel": 0.11348484956737098,
    "mean_alpha_per_panel": 0.004192391138043627,
    "std_alpha_per_panel": 0.025156192230961345,
    "ir": 0.5773079160490715,
    "t_stat": 1.343611053146207,
    "effective_t_stat": 1.343611053146207,
    "is_significant_p05": false,
    "mean_ic": -0.0038037696191997846,
    "annualized_simple_gross": 0.5763770066306357,
    "annual_cost_drag_log": 0.3024,
    "annualized_simple_net": 0.16500942863401113,
    "net_sharpe_per_panel": 0.2716103390673136
  },
  "monthly": {
    "horizon": "monthly",
    "horizon_days": 20,
    "n_panels": 65,
    "n_effective": 65.0,
    "overlap_pct": 0.0,
    "rebals_per_year": 12.6,
    "mean_ret_per_panel": 0.018498470702317867,
    "std_ret_per_panel": 0.06924065353436293,
    "sharpe": 0.9254762768187288,
    "win_rate": 0.6307692307692307,
    "mdd_per_panel": 0.3002920137089842,
    "mean_alpha_per_panel": 0.006195996877803768,
    "std_alpha_per_panel": 0.03896796334586156,
    "ir": 0.5508002202036553,
    "t_stat": 1.2819177485141056,
    "effective_t_stat": 1.2819177485141056,
    "is_significant_p05": false,
    "mean_ic": 0.015551686083761783,
    "annualized_simple_gross": 0.26248339656998576,
    "annual_cost_drag_log": 0.0756,
    "annualized_simple_net": 0.17055820210186767,
    "net_sharpe_per_panel": 0.6252969944190979
  },
  "quarterly": {
    "horizon": "quarterly",
    "horizon_days": 60,
    "n_panels": 64,
    "n_effective": 32.0,
    "overlap_pct": 50.0,
    "rebals_per_year": 4.2,
    "mean_ret_per_panel": 0.06213934521955328,
    "std_ret_per_panel": 0.08507454847944453,
    "sharpe": 2.530216263100906,
    "win_rate": 0.828125,
    "mdd_per_panel": 0.274892507178938,
    "mean_alpha_per_panel": 0.04260083751972997,
    "std_alpha_per_panel": 0.05444991812518047,
    "ir": 2.7102635805447046,
    "t_stat": 6.259085631209297,
    "effective_t_stat": 4.4258418938553765,
    "is_significant_p05": true,
    "mean_ic": 0.10639456881621041,
    "annualized_simple_gross": 0.2982085166157473,
    "annual_cost_drag_log": 0.0252,
    "annualized_simple_net": 0.26590242832953437,
    "net_sharpe_per_panel": 2.28590571356154
  },
  "annual": {
    "horizon": "annual",
    "horizon_days": 252,
    "n_panels": 61,
    "n_effective": 7.261904761904762,
    "overlap_pct": 88.09523809523809,
    "rebals_per_year": 1.0,
    "mean_ret_per_panel": 0.32359748637715535,
    "std_ret_per_panel": 0.19083035022914058,
    "sharpe": 5.874194402869381,
    "win_rate": 0.9508196721311475,
    "mdd_per_panel": 0.0407221834347844,
    "mean_alpha_per_panel": 0.23138100955479604,
    "std_alpha_per_panel": 0.13777841280957853,
    "ir": 5.8175102511795656,
    "t_stat": 13.116303331088055,
    "effective_t_stat": 4.525554597335631,
    "is_significant_p05": true,
    "mean_ic": 0.26566268121141556,
    "annualized_simple_gross": 0.38209088473408204,
    "annual_cost_drag_log": 0.006,
    "annualized_simple_net": 0.3738231673808743,
    "net_sharpe_per_panel": 5.7652777150056895
  },
  "_meta": {
    "tool": "multi_cycle_xgboost_validation.py",
    "tool_ver": "v0.1",
    "model_family": "xgboost",
    "xgboost_version": "3.2.0",
    "run_at": "2026-06-01T05:49:43.800346",
    "constitution_ver": "v6.1.0",
    "seed": 5422,
    "horizons": [
      5,
      20,
      60,
      252
    ],
    "n_universe": 914,
    "n_panels_input": 95,
    "source_traceability": "per CLAUDE.md \u00a7\u4e00.10 \u2014 all (b) DB query"
  }
}