{
  "weekly": {
    "horizon": "weekly",
    "horizon_days": 5,
    "n_panels": 65,
    "n_effective": 65.0,
    "overlap_pct": 0.0,
    "rebals_per_year": 50.4,
    "mean_ret_per_panel": 0.007859695019573284,
    "sharpe": 0.7353482673068874,
    "win_rate": 0.676923076923077,
    "mdd_per_panel": 0.12466639126986634,
    "mean_alpha_per_panel": 0.003021745279978182,
    "ir": 0.49783557597988026,
    "t_stat": 1.1586492475518364,
    "effective_t_stat": 1.1586492475518364,
    "is_significant_p05": false,
    "mean_ic": -0.021697927858064358,
    "annualized_simple_gross": 0.48606045570845824,
    "annual_cost_drag_log": 0.3024,
    "annualized_simple_net": 0.09826166909206102,
    "precision_directional_hit_rate": 0.49716348045185504,
    "precision_top20_actual_overlap": 0.06384615384615386,
    "precision_rmse": 0.04496692428912311,
    "precision_mae": 0.030262448595364484,
    "reliability_ic_stability_cov": 5.537045568208486
  },
  "monthly": {
    "horizon": "monthly",
    "horizon_days": 20,
    "n_panels": 65,
    "n_effective": 65.0,
    "overlap_pct": 0.0,
    "rebals_per_year": 12.6,
    "mean_ret_per_panel": 0.019773612352792198,
    "sharpe": 0.9491531958351754,
    "win_rate": 0.5692307692307692,
    "mdd_per_panel": 0.3959220754225952,
    "mean_alpha_per_panel": 0.007471138528278099,
    "ir": 0.5913698227938187,
    "t_stat": 1.3763383600223307,
    "effective_t_stat": 1.3763383600223307,
    "is_significant_p05": false,
    "mean_ic": -0.0005317532939774336,
    "annualized_simple_gross": 0.28293127154589603,
    "annual_cost_drag_log": 0.0756,
    "annualized_simple_net": 0.1895172061043242,
    "precision_directional_hit_rate": 0.510266167552036,
    "precision_top20_actual_overlap": 0.05923076923076923,
    "precision_rmse": 0.086529654132013,
    "precision_mae": 0.05986864097002324,
    "reliability_ic_stability_cov": 236.75017678243964
  },
  "quarterly": {
    "horizon": "quarterly",
    "horizon_days": 60,
    "n_panels": 64,
    "n_effective": 32.0,
    "overlap_pct": 50.0,
    "rebals_per_year": 4.2,
    "mean_ret_per_panel": 0.03484727516080431,
    "sharpe": 1.520231798340843,
    "win_rate": 0.71875,
    "mdd_per_panel": 0.51207508117693,
    "mean_alpha_per_panel": 0.015308767460981004,
    "ir": 1.1643495480410986,
    "t_stat": 2.68895009996939,
    "effective_t_stat": 1.9013748499606005,
    "is_significant_p05": false,
    "mean_ic": 0.05620738847691282,
    "annualized_simple_gross": 0.15761118170626687,
    "annual_cost_drag_log": 0.0252,
    "annualized_simple_net": 0.12880387644008273,
    "precision_directional_hit_rate": 0.5151992901294911,
    "precision_top20_actual_overlap": 0.0390625,
    "precision_rmse": 0.14876800157979286,
    "precision_mae": 0.10542300000762783,
    "reliability_ic_stability_cov": 1.9853327912819247
  },
  "annual": {
    "horizon": "annual",
    "horizon_days": 252,
    "n_panels": 61,
    "n_effective": 7.261904761904762,
    "overlap_pct": 88.09523809523809,
    "rebals_per_year": 1.0,
    "mean_ret_per_panel": 0.191116892785185,
    "sharpe": 4.277774324819067,
    "win_rate": 0.9016393442622951,
    "mdd_per_panel": 0.2587209746216317,
    "mean_alpha_per_panel": 0.09890041596282559,
    "ir": 3.4756882380341896,
    "t_stat": 7.836373164122555,
    "effective_t_stat": 2.7038056153578225,
    "is_significant_p05": true,
    "mean_ic": 0.14859579327396555,
    "annualized_simple_gross": 0.21060095432814152,
    "annual_cost_drag_log": 0.006,
    "annualized_simple_net": 0.20335909590301027,
    "precision_directional_hit_rate": 0.6004246999937027,
    "precision_top20_actual_overlap": 0.049999999999999996,
    "precision_rmse": 0.30777738131629356,
    "precision_mae": 0.22369542968712344,
    "reliability_ic_stability_cov": 0.625908648467306
  },
  "_meta": {
    "tool": "multi_cycle_random_forest_validation.py",
    "tool_ver": "v0.1",
    "model_family": "random_forest",
    "sklearn_version": "1.8.0",
    "run_at": "2026-06-01T06:11:11.107961",
    "constitution_ver": "v6.1.0",
    "seed": 5422,
    "horizons": [
      5,
      20,
      60,
      252
    ],
    "n_universe": 914,
    "n_panels_input": 95,
    "source_traceability": "per CLAUDE.md \u00a7\u4e00.10 \u2014 all (b) DB query"
  }
}