{
  "weekly": {
    "horizon": "weekly",
    "horizon_days": 5,
    "n_panels": 65,
    "n_effective": 65.0,
    "overlap_pct": 0.0,
    "rebals_per_year": 50.4,
    "mean_ret_per_panel": 0.011523164658763215,
    "sharpe": 1.2446579944333822,
    "win_rate": 0.676923076923077,
    "mdd_per_panel": 0.09660069736541849,
    "mean_alpha_per_panel": 0.0070885399339278505,
    "ir": 1.2577105407713396,
    "t_stat": 2.9271619828182383,
    "effective_t_stat": 2.9271619828182383,
    "is_significant_p05": true,
    "mean_ic": 0.03130515549974564,
    "annualized_simple_gross": 0.7874097392769144,
    "annual_cost_drag_log": 0.3024,
    "annualized_simple_net": 0.32097156348448586,
    "precision_directional_hit_rate": 0.527264455925614,
    "precision_top20_actual_overlap": 0.0646153846153846,
    "precision_rmse": 0.04341597685817973,
    "precision_mae": 0.0287554774087413,
    "reliability_ic_stability_cov": 5.640346697728927
  },
  "monthly": {
    "horizon": "monthly",
    "horizon_days": 20,
    "n_panels": 65,
    "n_effective": 65.0,
    "overlap_pct": 0.0,
    "rebals_per_year": 12.6,
    "mean_ret_per_panel": 0.01906820111363469,
    "sharpe": 1.044985507867157,
    "win_rate": 0.676923076923077,
    "mdd_per_panel": 0.2785759345404272,
    "mean_alpha_per_panel": 0.00796214060658121,
    "ir": 0.6849131374249543,
    "t_stat": 1.5940485766888277,
    "effective_t_stat": 1.5940485766888277,
    "is_significant_p05": false,
    "mean_ic": 0.019757642818405825,
    "annualized_simple_gross": 0.27157887124105584,
    "annual_cost_drag_log": 0.0756,
    "annualized_simple_net": 0.17899140804117497,
    "precision_directional_hit_rate": 0.4789236622761697,
    "precision_top20_actual_overlap": 0.06538461538461539,
    "precision_rmse": 0.08540384706802444,
    "precision_mae": 0.05922099104701412,
    "reliability_ic_stability_cov": 8.446615596183522
  },
  "quarterly": {
    "horizon": "quarterly",
    "horizon_days": 60,
    "n_panels": 64,
    "n_effective": 32.0,
    "overlap_pct": 50.0,
    "rebals_per_year": 4.2,
    "mean_ret_per_panel": 0.04662036497580484,
    "sharpe": 2.13578377737049,
    "win_rate": 0.8125,
    "mdd_per_panel": 0.22535095867885818,
    "mean_alpha_per_panel": 0.02903159360991278,
    "ir": 2.14109660258905,
    "t_stat": 4.944650799463124,
    "effective_t_stat": 3.496396110899859,
    "is_significant_p05": true,
    "mean_ic": 0.10936932154027294,
    "annualized_simple_gross": 0.21629035387447737,
    "annual_cost_drag_log": 0.0252,
    "annualized_simple_net": 0.18602280975423757,
    "precision_directional_hit_rate": 0.5173111621202209,
    "precision_top20_actual_overlap": 0.03359375,
    "precision_rmse": 0.14735776093645872,
    "precision_mae": 0.10628870438118009,
    "reliability_ic_stability_cov": 1.2174584315431967
  },
  "annual": {
    "horizon": "annual",
    "horizon_days": 252,
    "n_panels": 61,
    "n_effective": 7.261904761904762,
    "overlap_pct": 88.09523809523809,
    "rebals_per_year": 1.0,
    "mean_ret_per_panel": 0.2351590781283229,
    "sharpe": 4.502371359494274,
    "win_rate": 0.9016393442622951,
    "mdd_per_panel": 0.1727971710580567,
    "mean_alpha_per_panel": 0.15167285327250982,
    "ir": 4.327891567465277,
    "t_stat": 9.757771990418544,
    "effective_t_stat": 3.3667511932516647,
    "is_significant_p05": true,
    "mean_ic": 0.20412274843001596,
    "annualized_simple_gross": 0.26511000405796614,
    "annual_cost_drag_log": 0.006,
    "annualized_simple_net": 0.2575420705379652,
    "precision_directional_hit_rate": 0.6062643226500293,
    "precision_top20_actual_overlap": 0.09508196721311474,
    "precision_rmse": 0.29058072179180644,
    "precision_mae": 0.21039412479213354,
    "reliability_ic_stability_cov": 0.5061096421232668
  },
  "_meta": {
    "tool": "multi_cycle_catboost_dedicated_validation.py",
    "tool_ver": "v0.1",
    "model_family": "catboost",
    "catboost_version": "1.2.10",
    "run_at": "2026-05-29T13:12:23.236053",
    "constitution_ver": "v6.1.0",
    "seed": 5422,
    "horizons": [
      5,
      20,
      60,
      252
    ],
    "n_universe": 1121,
    "n_panels_input": 95,
    "source_traceability": "per CLAUDE.md \u00a7\u4e00.10 \u2014 all (b) DB query"
  }
}