{
  "weekly": {
    "horizon": "weekly",
    "horizon_days": 5,
    "n_panels": 66,
    "n_effective": 66.0,
    "overlap_pct": 0.0,
    "rebals_per_year": 50.4,
    "mean_ret_per_panel": 0.006510905867944321,
    "std_ret_per_panel": 0.03147617999001603,
    "sharpe": 0.7165558063370421,
    "win_rate": 0.6666666666666666,
    "mdd_per_panel": 0.14216809718163045,
    "mean_alpha_per_panel": 0.0016007397114542945,
    "ir": 0.36876408934070076,
    "t_stat": 0.864828448150279,
    "effective_t_stat": 0.864828448150279,
    "is_significant_p05": false,
    "annualized_log_gross": 0.32814965574439375,
    "annualized_simple_net": 0.02608404207156112,
    "annual_cost_drag_log": 0.3024,
    "net_sharpe_per_panel": 0.05622759314791853,
    "rank_ic_mean": -0.014724969435890727,
    "rank_ic_std": 0.08192395417892481,
    "rank_ic_ir": -0.6226358446312068,
    "directional_accuracy": 0.4706130027025481,
    "rmse": 0.0484373068430232,
    "mae": 0.033660731262626094,
    "r2": -0.08468567028107077,
    "calibration_p10_p90_coverage": null,
    "mean_ic": -0.014724969435890727,
    "annualized_simple_gross": 0.38839673828971955,
    "precision_directional_hit_rate": 0.4706130027025481,
    "precision_top20_actual_overlap": 0.08939393939393941,
    "precision_rmse": 0.046724336033527554,
    "precision_mae": 0.033626158499379076,
    "reliability_ic_stability_cov": 5.563607757259101
  },
  "monthly": {
    "horizon": "monthly",
    "horizon_days": 20,
    "n_panels": 66,
    "n_effective": 66.0,
    "overlap_pct": 0.0,
    "rebals_per_year": 12.6,
    "mean_ret_per_panel": 0.017917788772502465,
    "std_ret_per_panel": 0.06818831185735179,
    "sharpe": 0.9102592414425769,
    "win_rate": 0.6060606060606061,
    "mdd_per_panel": 0.28400906317729835,
    "mean_alpha_per_panel": 0.005595067134201762,
    "ir": 0.5940520790914605,
    "t_stat": 1.3931756169632306,
    "effective_t_stat": 1.3931756169632306,
    "is_significant_p05": false,
    "annualized_log_gross": 0.22576413853353106,
    "annualized_simple_net": 0.16202496014870138,
    "annual_cost_drag_log": 0.0756,
    "net_sharpe_per_panel": 0.6054473297720343,
    "rank_ic_mean": 0.03059233120536904,
    "rank_ic_std": 0.099164602264663,
    "rank_ic_ir": 1.0686771440529628,
    "directional_accuracy": 0.5209809936037855,
    "rmse": 0.09342198263988225,
    "mae": 0.06545191816622606,
    "r2": -0.08885417435847476,
    "calibration_p10_p90_coverage": null,
    "mean_ic": 0.03059233120536904,
    "annualized_simple_gross": 0.2532800299493063,
    "precision_directional_hit_rate": 0.5209809936037855,
    "precision_top20_actual_overlap": 0.09545454545454546,
    "precision_rmse": 0.09012979526277072,
    "precision_mae": 0.06542120915736427,
    "reliability_ic_stability_cov": 3.2414856389649485
  },
  "quarterly": {
    "horizon": "quarterly",
    "horizon_days": 60,
    "n_panels": 65,
    "n_effective": 32.5,
    "overlap_pct": 50.0,
    "rebals_per_year": 4.2,
    "mean_ret_per_panel": 0.02778401589798382,
    "std_ret_per_panel": 0.09558391138649175,
    "sharpe": 1.0069336246143692,
    "win_rate": 0.6307692307692307,
    "mdd_per_panel": 0.3327931630144582,
    "mean_alpha_per_panel": 0.006079750720886533,
    "ir": 0.41461467870723756,
    "t_stat": 0.9649631498563335,
    "effective_t_stat": 0.6823319868585441,
    "is_significant_p05": false,
    "annualized_log_gross": 0.11669286677153205,
    "annualized_simple_net": 0.0958089600089933,
    "annual_cost_drag_log": 0.0252,
    "net_sharpe_per_panel": 0.7894847946874962,
    "rank_ic_mean": 0.021498298249565086,
    "rank_ic_std": 0.09819168312434857,
    "rank_ic_ir": 0.758437856643326,
    "directional_accuracy": 0.5069052124302706,
    "rmse": 0.16605945841588032,
    "mae": 0.12083449192432022,
    "r2": -0.2130058572513427,
    "calibration_p10_p90_coverage": null,
    "mean_ic": 0.021498298249565086,
    "annualized_simple_gross": 0.1237742282750387,
    "precision_directional_hit_rate": 0.5069052124302706,
    "precision_top20_actual_overlap": 0.09538461538461539,
    "precision_rmse": 0.1619203922497147,
    "precision_mae": 0.1208015479863828,
    "reliability_ic_stability_cov": 4.567416545462383
  },
  "annual": {
    "horizon": "annual",
    "horizon_days": 252,
    "n_panels": 62,
    "n_effective": 7.3809523809523805,
    "overlap_pct": 88.09523809523809,
    "rebals_per_year": 1.0,
    "mean_ret_per_panel": 0.07471210960422249,
    "std_ret_per_panel": 0.19728906389646617,
    "sharpe": 1.311833177363319,
    "win_rate": 0.6935483870967742,
    "mdd_per_panel": 1.7393919494666292,
    "mean_alpha_per_panel": -0.028153534004304856,
    "ir": -1.0205083797970305,
    "t_stat": -2.319646451161425,
    "effective_t_stat": -0.800354062898608,
    "is_significant_p05": false,
    "annualized_log_gross": 0.07471210960422249,
    "annualized_simple_net": 0.07112779735057151,
    "annual_cost_drag_log": 0.006,
    "net_sharpe_per_panel": 1.2064821291078824,
    "rank_ic_mean": -0.01103079758103438,
    "rank_ic_std": 0.12504320421899315,
    "rank_ic_ir": -0.3055888079275142,
    "directional_accuracy": 0.5249198321647519,
    "rmse": 0.416171791990571,
    "mae": 0.31084072950517344,
    "r2": -0.6971874408634131,
    "calibration_p10_p90_coverage": null,
    "mean_ic": -0.01103079758103438,
    "annualized_simple_gross": 0.0775738830535384,
    "precision_directional_hit_rate": 0.5249198321647519,
    "precision_top20_actual_overlap": 0.051612903225806445,
    "precision_rmse": 0.4082646983211923,
    "precision_mae": 0.3106046794333112,
    "reliability_ic_stability_cov": 11.335826199366046
  },
  "_meta": {
    "tool": "multi_cycle_patchtst_validation.py",
    "tool_ver": "v0.2",
    "model": "PatchTST (Patch Time Series Transformer, ICLR 2023, from-scratch torch.nn)",
    "run_at": "2026-06-05T00:26:05.224547",
    "constitution_ver": "v6.1.0",
    "seed": 5422,
    "horizons": [
      5,
      20,
      60,
      252
    ],
    "n_universe": 397,
    "n_stocks_with_series": 397,
    "n_weeks": 1774,
    "n_panels_input": 96,
    "lookback_weeks": 104,
    "pred_weeks": 52,
    "patch_len": 16,
    "stride": 8,
    "d_model": 64,
    "n_heads": 4,
    "n_layers": 2,
    "refit_every": 12,
    "epochs": 20,
    "max_train_samples": 40000,
    "smoke": false,
    "variates": "stocks (channel-independent; patched univariate per-channel)",
    "common_baseline": "universe v0.18 \u00d7 96 panels \u00d7 [('weekly', 5), ('monthly', 20), ('quarterly', 60), ('annual', 252)] \u00d7 top-20 \u00d7 cost 0.006 \u00d7 T_CZ-6",
    "source_traceability": "per CLAUDE.md \u00a7\u4e00.10 \u2014 all data from (b) DB query TaiwanStockPriceAdj/core_universe_*"
  }
}