{
  "weekly": {
    "horizon": "weekly",
    "horizon_days": 5,
    "n_panels": 65,
    "n_effective": 65.0,
    "overlap_pct": 0.0,
    "rebals_per_year": 50.4,
    "mean_ret_per_panel": 0.008743848374110255,
    "sharpe": 0.8578716708614919,
    "win_rate": 0.6615384615384615,
    "mdd_per_panel": 0.1640233221096435,
    "mean_alpha_per_panel": 0.0034122409881306693,
    "ir": 0.6626001669168288,
    "t_stat": 1.542117963977994,
    "effective_t_stat": 1.542117963977994,
    "is_significant_p05": false,
    "mean_ic": -0.007407954032226767,
    "annualized_simple_gross": 0.5537788910260768,
    "annual_cost_drag_log": 0.3024,
    "annualized_simple_net": 0.14830846329517744,
    "precision_directional_hit_rate": 0.4853731489134077,
    "precision_top20_actual_overlap": 0.09307692307692308,
    "precision_rmse": 0.04620995484044939,
    "precision_mae": 0.03294774046981902,
    "reliability_ensemble_disagreement": 0.002507146153626478,
    "reliability_ic_stability_cov": 15.180250292336789
  },
  "monthly": {
    "horizon": "monthly",
    "horizon_days": 20,
    "n_panels": 65,
    "n_effective": 65.0,
    "overlap_pct": 0.0,
    "rebals_per_year": 12.6,
    "mean_ret_per_panel": 0.022850936150320512,
    "sharpe": 1.1488877613294188,
    "win_rate": 0.6,
    "mdd_per_panel": 0.2962590914347415,
    "mean_alpha_per_panel": 0.009368110939623647,
    "ir": 1.026285052010475,
    "t_stat": 2.3885484699343604,
    "effective_t_stat": 2.3885484699343604,
    "is_significant_p05": true,
    "mean_ic": 0.02075232549937759,
    "annualized_simple_gross": 0.3336530023708295,
    "annual_cost_drag_log": 0.0756,
    "annualized_simple_net": 0.23654573590775585,
    "precision_directional_hit_rate": 0.5024832199309668,
    "precision_top20_actual_overlap": 0.09769230769230772,
    "precision_rmse": 0.08877445840668405,
    "precision_mae": 0.06452205467645913,
    "reliability_ensemble_disagreement": 0.005308300674031911,
    "reliability_ic_stability_cov": 4.4934033961957365
  },
  "quarterly": {
    "horizon": "quarterly",
    "horizon_days": 60,
    "n_panels": 64,
    "n_effective": 32.0,
    "overlap_pct": 50.0,
    "rebals_per_year": 4.2,
    "mean_ret_per_panel": 0.05791798019920237,
    "sharpe": 2.1972081540474324,
    "win_rate": 0.75,
    "mdd_per_panel": 0.26171220078944935,
    "mean_alpha_per_panel": 0.03534759064690335,
    "ir": 2.7179189380339435,
    "t_stat": 6.276764922037916,
    "effective_t_stat": 4.438343040286862,
    "is_significant_p05": true,
    "mean_ic": 0.10441994433519941,
    "annualized_simple_gross": 0.27539446724723593,
    "annual_cost_drag_log": 0.0252,
    "annualized_simple_net": 0.24365610955563222,
    "precision_directional_hit_rate": 0.5305875280795939,
    "precision_top20_actual_overlap": 0.10234375000000001,
    "precision_rmse": 0.15006388424779815,
    "precision_mae": 0.11024457204030176,
    "reliability_ensemble_disagreement": 0.010049331268735908,
    "reliability_ic_stability_cov": 1.0052394973796426
  },
  "annual": {
    "horizon": "annual",
    "horizon_days": 252,
    "n_panels": 61,
    "n_effective": 7.261904761904762,
    "overlap_pct": 88.09523809523809,
    "rebals_per_year": 1.0,
    "mean_ret_per_panel": 0.3121101571016388,
    "sharpe": 4.923747547538475,
    "win_rate": 0.9016393442622951,
    "mdd_per_panel": 0.47491977852358325,
    "mean_alpha_per_panel": 0.20636937880899406,
    "ir": 5.287587840298258,
    "t_stat": 11.921527080947133,
    "effective_t_stat": 4.113317626664403,
    "is_significant_p05": true,
    "mean_ic": 0.2769961804883199,
    "annualized_simple_gross": 0.36630519296002007,
    "annual_cost_drag_log": 0.006,
    "annualized_simple_net": 0.3581319061824384,
    "precision_directional_hit_rate": 0.6430535824280793,
    "precision_top20_actual_overlap": 0.160655737704918,
    "precision_rmse": 0.29590604930143616,
    "precision_mae": 0.21827459505710092,
    "reliability_ensemble_disagreement": 0.02162784028569039,
    "reliability_ic_stability_cov": 0.46191411806946975
  },
  "_meta": {
    "tool": "multi_cycle_ensemble_validation.py",
    "tool_ver": "v0.1",
    "model_family": "ensemble_tree",
    "members": [
      "lgbm",
      "xgboost",
      "catboost"
    ],
    "run_at": "2026-06-01T15:37:17.424590",
    "constitution_ver": "v6.1.0",
    "seed": 5422,
    "horizons": [
      5,
      20,
      60,
      252
    ],
    "n_universe": 397,
    "n_panels_input": 95,
    "source_traceability": "per CLAUDE.md \u00a7\u4e00.10 \u2014 all (b) DB query"
  }
}