{
  "weekly": {
    "horizon": "weekly",
    "horizon_days": 5,
    "n_panels": 65,
    "n_effective": 65.0,
    "overlap_pct": 0.0,
    "rebals_per_year": 50.4,
    "mean_ret_per_panel": 0.006135413627747727,
    "sharpe": 0.6341522454083037,
    "win_rate": 0.6615384615384615,
    "mdd_per_panel": 0.15791529774470886,
    "mean_alpha_per_panel": 0.0008038062417681409,
    "ir": 0.17710260395677802,
    "t_stat": 0.41218387900483183,
    "effective_t_stat": 0.41218387900483183,
    "is_significant_p05": false,
    "mean_ic": -0.005915338884124035,
    "annualized_simple_gross": 0.36236866035411164,
    "annual_cost_drag_log": 0.3024,
    "annualized_simple_net": 0.006848189178085606,
    "precision_directional_hit_rate": 0.5198948710300844,
    "precision_top20_actual_overlap": 0.07692307692307693,
    "precision_rmse": 0.045230093556857136,
    "precision_mae": 0.03213287842508927,
    "reliability_ic_stability_cov": 24.267168688811594
  },
  "monthly": {
    "horizon": "monthly",
    "horizon_days": 20,
    "n_panels": 65,
    "n_effective": 65.0,
    "overlap_pct": 0.0,
    "rebals_per_year": 12.6,
    "mean_ret_per_panel": 0.022512656097113334,
    "sharpe": 0.988485752485976,
    "win_rate": 0.6461538461538462,
    "mdd_per_panel": 0.4187487391357419,
    "mean_alpha_per_panel": 0.009029830886416476,
    "ir": 0.747415865589488,
    "t_stat": 1.739515759935492,
    "effective_t_stat": 1.739515759935492,
    "is_significant_p05": false,
    "mean_ic": 0.0005720991319784139,
    "annualized_simple_gross": 0.32798063228297636,
    "annual_cost_drag_log": 0.0756,
    "annualized_simple_net": 0.2312863880622844,
    "precision_directional_hit_rate": 0.5307834056940328,
    "precision_top20_actual_overlap": 0.11153846153846154,
    "precision_rmse": 0.08697056370661405,
    "precision_mae": 0.06301222527679401,
    "reliability_ic_stability_cov": 328.87462031421717
  },
  "quarterly": {
    "horizon": "quarterly",
    "horizon_days": 60,
    "n_panels": 64,
    "n_effective": 32.0,
    "overlap_pct": 50.0,
    "rebals_per_year": 4.2,
    "mean_ret_per_panel": 0.032772957385395624,
    "sharpe": 1.3894194332637249,
    "win_rate": 0.71875,
    "mdd_per_panel": 0.30369863630976807,
    "mean_alpha_per_panel": 0.010202567833096601,
    "ir": 0.9427081923722547,
    "t_stat": 2.177091314533547,
    "effective_t_stat": 1.5394360317690061,
    "is_significant_p05": false,
    "mean_ic": 0.013305273994857625,
    "annualized_simple_gross": 0.14756972199891338,
    "annual_cost_drag_log": 0.0252,
    "annualized_simple_net": 0.11901229976744676,
    "precision_directional_hit_rate": 0.5215078969882152,
    "precision_top20_actual_overlap": 0.06171875,
    "precision_rmse": 0.14882184375271768,
    "precision_mae": 0.10928788643040434,
    "reliability_ic_stability_cov": 9.940059429344094
  },
  "annual": {
    "horizon": "annual",
    "horizon_days": 252,
    "n_panels": 61,
    "n_effective": 7.261904761904762,
    "overlap_pct": 88.09523809523809,
    "rebals_per_year": 1.0,
    "mean_ret_per_panel": 0.21652287575386844,
    "sharpe": 4.23480291389605,
    "win_rate": 0.9180327868852459,
    "mdd_per_panel": 0.5936022944146373,
    "mean_alpha_per_panel": 0.11078209746122376,
    "ir": 4.065461456312136,
    "t_stat": 9.166090533493252,
    "effective_t_stat": 3.1626016954888394,
    "is_significant_p05": true,
    "mean_ic": 0.12413398042136631,
    "annualized_simple_gross": 0.24175149103040172,
    "annual_cost_drag_log": 0.006,
    "annualized_simple_net": 0.23432328897497823,
    "precision_directional_hit_rate": 0.6067052120492102,
    "precision_top20_actual_overlap": 0.08934426229508194,
    "precision_rmse": 0.3120822864347767,
    "precision_mae": 0.2321696813866768,
    "reliability_ic_stability_cov": 1.0210005642308826
  },
  "_meta": {
    "tool": "multi_cycle_extra_trees_validation.py",
    "tool_ver": "v0.2",
    "model_family": "extra_trees",
    "sklearn_version": "1.7.2",
    "run_at": "2026-06-03T20:54:43.008939",
    "constitution_ver": "v6.1.0",
    "seed": 5422,
    "horizons": [
      5,
      20,
      60,
      252
    ],
    "n_universe": 397,
    "n_panels_input": 96,
    "source_traceability": "per CLAUDE.md \u00a7\u4e00.10 \u2014 all (b) DB query"
  }
}