{
  "weekly": {
    "horizon": "weekly",
    "horizon_days": 5,
    "n_panels": 65,
    "n_effective": 65.0,
    "overlap_pct": 0.0,
    "rebals_per_year": 50.4,
    "mean_ret_per_panel": 0.006762043751424963,
    "std_ret_per_panel": 0.03434439059677136,
    "sharpe": 0.6820446155520212,
    "win_rate": 0.6153846153846154,
    "mdd_per_panel": 0.15490305499310192,
    "mean_alpha_per_panel": 0.0014304363654453773,
    "std_alpha_per_panel": 0.015548321069156953,
    "ir": 0.3186953049046977,
    "t_stat": 0.7417229564185553,
    "effective_t_stat": 0.7417229564185553,
    "is_significant_p05": false,
    "mean_ic": -0.0037548079367553037,
    "annualized_simple_gross": 0.40608184800901514,
    "annual_cost_drag_log": 0.3024,
    "annualized_simple_net": 0.039154087804747606,
    "net_sharpe_per_panel": 0.07686253691643644
  },
  "monthly": {
    "horizon": "monthly",
    "horizon_days": 20,
    "n_panels": 65,
    "n_effective": 65.0,
    "overlap_pct": 0.0,
    "rebals_per_year": 12.6,
    "mean_ret_per_panel": 0.02292100272297074,
    "std_ret_per_panel": 0.06748842028626931,
    "sharpe": 1.1765082397309288,
    "win_rate": 0.5846153846153846,
    "mdd_per_panel": 0.27825682803358986,
    "mean_alpha_per_panel": 0.009438177512273884,
    "std_alpha_per_panel": 0.030337935980469403,
    "ir": 1.077687222534607,
    "t_stat": 2.508180511262648,
    "effective_t_stat": 2.508180511262648,
    "is_significant_p05": true,
    "mean_ic": 0.020957109241556724,
    "annualized_simple_gross": 0.3348309228880584,
    "annual_cost_drag_log": 0.0756,
    "annualized_simple_net": 0.2376378885068413,
    "net_sharpe_per_panel": 0.86853526299413
  },
  "quarterly": {
    "horizon": "quarterly",
    "horizon_days": 60,
    "n_panels": 64,
    "n_effective": 32.0,
    "overlap_pct": 50.0,
    "rebals_per_year": 4.2,
    "mean_ret_per_panel": 0.05122951283941528,
    "std_ret_per_panel": 0.0861313958680652,
    "sharpe": 2.0603896683803415,
    "win_rate": 0.6875,
    "mdd_per_panel": 0.244064665089482,
    "mean_alpha_per_panel": 0.02865912328711627,
    "std_alpha_per_panel": 0.04222348322279508,
    "ir": 2.3512535605715845,
    "t_stat": 5.429987504516282,
    "effective_t_stat": 3.839580986201682,
    "is_significant_p05": true,
    "mean_ic": 0.07942949588994702,
    "annualized_simple_gross": 0.24006519385640823,
    "annual_cost_drag_log": 0.0252,
    "annualized_simple_net": 0.20920600974181003,
    "net_sharpe_per_panel": 1.8190768522887037
  },
  "annual": {
    "horizon": "annual",
    "horizon_days": 252,
    "n_panels": 61,
    "n_effective": 7.261904761904762,
    "overlap_pct": 88.09523809523809,
    "rebals_per_year": 1.0,
    "mean_ret_per_panel": 0.2834227522966912,
    "std_ret_per_panel": 0.2059489685258224,
    "sharpe": 4.767225692002699,
    "win_rate": 0.9180327868852459,
    "mdd_per_panel": 0.4761840954034451,
    "mean_alpha_per_panel": 0.17768197400404648,
    "std_alpha_per_panel": 0.12105341101776977,
    "ir": 5.084601978195638,
    "t_stat": 11.463870106690742,
    "effective_t_stat": 3.9554109687008205,
    "is_significant_p05": true,
    "mean_ic": 0.23035364804980046,
    "annualized_simple_gross": 0.3276663171787677,
    "annual_cost_drag_log": 0.006,
    "annualized_simple_net": 0.3197241695450248,
    "net_sharpe_per_panel": 4.666304527698735
  },
  "_meta": {
    "tool": "multi_cycle_catboost_validation.py",
    "tool_ver": "v0.1",
    "model_family": "catboost",
    "catboost_version": "1.2.10",
    "run_at": "2026-06-01T15:18:18.417323",
    "constitution_ver": "v6.1.0",
    "seed": 5422,
    "horizons": [
      5,
      20,
      60,
      252
    ],
    "n_universe": 397,
    "n_panels_input": 95,
    "source_traceability": "per CLAUDE.md \u00a7\u4e00.10 \u2014 all (b) DB query"
  }
}