{
  "weekly": {
    "horizon": "weekly",
    "horizon_days": 5,
    "n_panels": 65,
    "n_effective": 65.0,
    "overlap_pct": 0.0,
    "rebals_per_year": 50.4,
    "mean_ret_per_panel": 0.009213221285083855,
    "sharpe": 0.9609644127668168,
    "win_rate": 0.6307692307692307,
    "mdd_per_panel": 0.1011166736251618,
    "mean_alpha_per_panel": 0.004365457994670809,
    "ir": 0.7224046912040899,
    "t_stat": 1.6813054194531147,
    "effective_t_stat": 1.6813054194531147,
    "is_significant_p05": false,
    "mean_ic": 0.025165708595071133,
    "annualized_simple_gross": 0.5909739132432765,
    "annual_cost_drag_log": 0.3024,
    "annualized_simple_net": 0.17579716136614754,
    "precision_directional_hit_rate": 0.5036487231475587,
    "precision_top20_actual_overlap": 0.06307692307692307,
    "precision_rmse": 0.04617195966765168,
    "precision_mae": 0.031483177543038636,
    "reliability_ic_stability_cov": 5.666476957938068
  },
  "monthly": {
    "horizon": "monthly",
    "horizon_days": 20,
    "n_panels": 65,
    "n_effective": 65.0,
    "overlap_pct": 0.0,
    "rebals_per_year": 12.6,
    "mean_ret_per_panel": 0.022566605348251997,
    "sharpe": 1.1752939097180244,
    "win_rate": 0.6307692307692307,
    "mdd_per_panel": 0.31497684977859414,
    "mean_alpha_per_panel": 0.010241765550221209,
    "ir": 0.8553621490891495,
    "t_stat": 1.9907470623724937,
    "effective_t_stat": 1.9907470623724937,
    "is_significant_p05": false,
    "mean_ic": 0.028042211228025613,
    "annualized_simple_gross": 0.3288836480294941,
    "annual_cost_drag_log": 0.0756,
    "annualized_simple_net": 0.2321236525297501,
    "precision_directional_hit_rate": 0.47346546993168986,
    "precision_top20_actual_overlap": 0.06615384615384616,
    "precision_rmse": 0.09114681041878189,
    "precision_mae": 0.06480451865293724,
    "reliability_ic_stability_cov": 4.89092520612963
  },
  "quarterly": {
    "horizon": "quarterly",
    "horizon_days": 60,
    "n_panels": 64,
    "n_effective": 32.0,
    "overlap_pct": 50.0,
    "rebals_per_year": 4.2,
    "mean_ret_per_panel": 0.06590803310150994,
    "sharpe": 2.687204336198791,
    "win_rate": 0.828125,
    "mdd_per_panel": 0.24846243736506501,
    "mean_alpha_per_panel": 0.04635967133757892,
    "ir": 2.614855821428828,
    "t_stat": 6.038750849575976,
    "effective_t_stat": 4.270041675631198,
    "is_significant_p05": true,
    "mean_ic": 0.13617789948249817,
    "annualized_simple_gross": 0.3189206847038706,
    "annual_cost_drag_log": 0.0252,
    "annualized_simple_net": 0.28609917141289953,
    "precision_directional_hit_rate": 0.5257321191887017,
    "precision_top20_actual_overlap": 0.07499999999999998,
    "precision_rmse": 0.15267355517839143,
    "precision_mae": 0.11097651332941177,
    "reliability_ic_stability_cov": 0.8711378681354519
  },
  "annual": {
    "horizon": "annual",
    "horizon_days": 252,
    "n_panels": 61,
    "n_effective": 7.261904761904762,
    "overlap_pct": 88.09523809523809,
    "rebals_per_year": 1.0,
    "mean_ret_per_panel": 0.33938583466114636,
    "sharpe": 6.395580186267037,
    "win_rate": 0.9672131147540983,
    "mdd_per_panel": 0.13473578366932148,
    "mean_alpha_per_panel": 0.2467138641667944,
    "ir": 6.772901075480716,
    "t_stat": 15.270351250252666,
    "effective_t_stat": 5.268771738429912,
    "is_significant_p05": true,
    "mean_ic": 0.27064562743206894,
    "annualized_simple_gross": 0.404084985368784,
    "annual_cost_drag_log": 0.006,
    "annualized_simple_net": 0.39568569851497815,
    "precision_directional_hit_rate": 0.6290954894696967,
    "precision_top20_actual_overlap": 0.14508196721311475,
    "precision_rmse": 0.2973591539510275,
    "precision_mae": 0.21768936384677728,
    "reliability_ic_stability_cov": 0.5647467104262992
  },
  "_meta": {
    "tool": "multi_cycle_xgboost_dedicated_validation.py",
    "tool_ver": "v0.1",
    "model_family": "xgboost",
    "xgboost_version": "3.2.0",
    "run_at": "2026-05-29T14:56:25.264645",
    "constitution_ver": "v6.1.0",
    "seed": 5422,
    "horizons": [
      5,
      20,
      60,
      252
    ],
    "n_universe": 910,
    "n_panels_input": 95,
    "source_traceability": "per CLAUDE.md \u00a7\u4e00.10 \u2014 all (b) DB query"
  }
}