{
  "weekly": {
    "horizon": "weekly",
    "horizon_days": 5,
    "n_panels": 66,
    "n_effective": 66.0,
    "overlap_pct": 0.0,
    "rebals_per_year": 50.4,
    "mean_ret_per_panel": 0.00444575697776501,
    "std_ret_per_panel": 0.029486371663709918,
    "sharpe": 0.52229396355808,
    "win_rate": 0.6212121212121212,
    "mdd_per_panel": 0.13014033814461917,
    "mean_alpha_per_panel": 3.192482420351114e-05,
    "ir": 0.006990624064726652,
    "t_stat": 0.016394466642097406,
    "effective_t_stat": 0.016394466642097406,
    "is_significant_p05": false,
    "annualized_log_gross": 0.2240661516793565,
    "annualized_simple_net": -0.07534431973683609,
    "annual_cost_drag_log": 0.3024,
    "net_sharpe_per_panel": -0.1825947195214661,
    "rank_ic_mean": -0.00038662789192524575,
    "rank_ic_std": 0.06254349483944605,
    "rank_ic_ir": -0.02141419036965686,
    "directional_accuracy": 0.49477862889761076,
    "rmse": 0.04970396386014597,
    "mae": 0.03304828152137177,
    "r2": -0.18652700483593865,
    "calibration_p10_p90_coverage": 0.8799486223035506
  },
  "monthly": {
    "horizon": "monthly",
    "horizon_days": 20,
    "n_panels": 66,
    "n_effective": 66.0,
    "overlap_pct": 0.0,
    "rebals_per_year": 12.6,
    "mean_ret_per_panel": 0.014261641088428353,
    "std_ret_per_panel": 0.05426400032337553,
    "sharpe": 0.9104336877953643,
    "win_rate": 0.6363636363636364,
    "mdd_per_panel": 0.2677010446956031,
    "mean_alpha_per_panel": 0.002978248428681394,
    "ir": 0.36086966234428236,
    "t_stat": 0.8463143757508909,
    "effective_t_stat": 0.8463143757508909,
    "is_significant_p05": false,
    "annualized_log_gross": 0.17969667771419726,
    "annualized_simple_net": 0.10970773373688814,
    "annual_cost_drag_log": 0.0756,
    "net_sharpe_per_panel": 0.5274060899963673,
    "rank_ic_mean": 0.014150110056960796,
    "rank_ic_std": 0.05026062936463689,
    "rank_ic_ir": 0.9752647295177579,
    "directional_accuracy": 0.5076379942706374,
    "rmse": 0.09373196079285588,
    "mae": 0.06246052848673968,
    "r2": -0.13473731415260604,
    "calibration_p10_p90_coverage": 0.8567958174168676
  },
  "quarterly": {
    "horizon": "quarterly",
    "horizon_days": 60,
    "n_panels": 65,
    "n_effective": 32.5,
    "overlap_pct": 50.0,
    "rebals_per_year": 4.2,
    "mean_ret_per_panel": 0.014799381940378378,
    "std_ret_per_panel": 0.08332965662048566,
    "sharpe": 0.6152258987000546,
    "win_rate": 0.6307692307692307,
    "mdd_per_panel": 0.5842814994906318,
    "mean_alpha_per_panel": -0.003576401574034172,
    "ir": -0.3137586395954942,
    "t_stat": -0.7302334931863114,
    "effective_t_stat": -0.5163530548815813,
    "is_significant_p05": false,
    "annualized_log_gross": 0.06215740414958919,
    "annualized_simple_net": 0.03764882036285422,
    "annual_cost_drag_log": 0.0252,
    "net_sharpe_per_panel": 0.36579957758262344,
    "rank_ic_mean": 0.029204942736550242,
    "rank_ic_std": 0.04437634287927544,
    "rank_ic_ir": 2.27979330290728,
    "directional_accuracy": 0.5185596225712055,
    "rmse": 0.16443270905342536,
    "mae": 0.11151903678294474,
    "r2": -0.22222385958322888,
    "calibration_p10_p90_coverage": 0.8355576228129807
  },
  "annual": {
    "horizon": "annual",
    "horizon_days": 252,
    "n_panels": 62,
    "n_effective": 7.3809523809523805,
    "overlap_pct": 88.09523809523809,
    "rebals_per_year": 1.0,
    "mean_ret_per_panel": 0.09040873106425022,
    "std_ret_per_panel": 0.14317718927341275,
    "sharpe": 2.187394744173686,
    "win_rate": 0.7419354838709677,
    "mdd_per_panel": 0.5040976579930891,
    "mean_alpha_per_panel": 0.0008065387235257075,
    "ir": 0.037646206616990655,
    "t_stat": 0.08557096767413162,
    "effective_t_stat": 0.029524788835758077,
    "is_significant_p05": false,
    "annualized_log_gross": 0.09040873106425022,
    "annualized_simple_net": 0.08807353238671145,
    "annual_cost_drag_log": 0.006,
    "net_sharpe_per_panel": 2.042227697688815,
    "rank_ic_mean": 0.04549489423632905,
    "rank_ic_std": 0.05444001786325528,
    "rank_ic_ir": 2.894909715137353,
    "directional_accuracy": 0.5407642127370287,
    "rmse": 0.41360071078956706,
    "mae": 0.2678239145601064,
    "r2": -0.7378870550037089,
    "calibration_p10_p90_coverage": 0.7577911941168726
  },
  "_meta": {
    "tool": "multi_cycle_chronos_validation.py",
    "tool_ver": "v0.1",
    "model": "Chronos (Amazon time-series foundation model, 2024, zero-shot pretrained: amazon/chronos-bolt-small)",
    "run_at": "2026-06-01T19:42:58.108442",
    "constitution_ver": "v6.1.0",
    "seed": 5422,
    "horizons": [
      5,
      20,
      60,
      252
    ],
    "n_universe": 914,
    "n_stocks_with_series": 914,
    "n_weeks": 1774,
    "n_panels_input": 95,
    "context_weeks": 256,
    "pred_weeks": 52,
    "batch_size": 32,
    "variates": "per-stock univariate weekly close (zero-shot; foundation model)",
    "is_foundation_model": true,
    "zero_shot": true,
    "calibration_available": true,
    "external_pretrained_prior": true,
    "source_purity_caveat": "\u26a0\ufe0f INPUT series 100% DB-source-pure (TaiwanStockPriceAdj weekly close, \u00a7\u4e00.10 (b)); BUT model weights are EXTERNAL-PRETRAINED on non-DB corpora \u2014 predictive prior NOT DB/FinMind/FRED-traceable. User explicitly authorized 2026-05-30 ('Real Chronos + disclose caveat'). Real Google TimesFM unavailable on this Intel Mac (lingvo Linux-only).",
    "common_baseline": "universe v0.18 \u00d7 95 panels \u00d7 [('weekly', 5), ('monthly', 20), ('quarterly', 60), ('annual', 252)] \u00d7 top-20 \u00d7 cost 0.006 \u00d7 T_CZ-6",
    "source_traceability": "per CLAUDE.md \u00a7\u4e00.10 \u2014 INPUT from (b) DB query TaiwanStockPriceAdj/core_universe_*; model prior external (see caveat)"
  }
}