{
  "weekly": {
    "horizon": "weekly",
    "horizon_days": 5,
    "n_panels": 65,
    "n_effective": 65.0,
    "overlap_pct": 0.0,
    "rebals_per_year": 50.4,
    "mean_ret_per_panel": 0.008773519259020467,
    "sharpe": 0.8534585834686899,
    "win_rate": 0.7230769230769231,
    "mdd_per_panel": 0.10007729375268143,
    "mean_alpha_per_panel": 0.003935569519425363,
    "ir": 0.5909633528161968,
    "t_stat": 1.3753923526326481,
    "effective_t_stat": 1.3753923526326481,
    "is_significant_p05": false,
    "mean_ic": -0.009572362497221069,
    "annualized_simple_gross": 0.5561041697487374,
    "annual_cost_drag_log": 0.3024,
    "annualized_simple_net": 0.15002694283700468,
    "precision_directional_hit_rate": 0.4834637666800991,
    "precision_top20_actual_overlap": 0.0676923076923077,
    "precision_rmse": 0.045441256461814857,
    "precision_mae": 0.030656826568303215,
    "reliability_ensemble_disagreement": 0.0018810810964865498,
    "reliability_ic_stability_cov": 11.270376179568247
  },
  "monthly": {
    "horizon": "monthly",
    "horizon_days": 20,
    "n_panels": 65,
    "n_effective": 65.0,
    "overlap_pct": 0.0,
    "rebals_per_year": 12.6,
    "mean_ret_per_panel": 0.016593532893585835,
    "sharpe": 0.8276160921757224,
    "win_rate": 0.6153846153846154,
    "mdd_per_panel": 0.3462878860667936,
    "mean_alpha_per_panel": 0.004291059069071737,
    "ir": 0.3987413150499365,
    "t_stat": 0.928019906454235,
    "effective_t_stat": 0.928019906454235,
    "is_significant_p05": false,
    "mean_ic": 0.01578013273614942,
    "annualized_simple_gross": 0.23254176708160101,
    "annual_cost_drag_log": 0.0756,
    "annualized_simple_net": 0.14279671226592505,
    "precision_directional_hit_rate": 0.4957929914073245,
    "precision_top20_actual_overlap": 0.04846153846153846,
    "precision_rmse": 0.08755426145589014,
    "precision_mae": 0.060723599746657565,
    "reliability_ensemble_disagreement": 0.004120867133134246,
    "reliability_ic_stability_cov": 5.408803545781303
  },
  "quarterly": {
    "horizon": "quarterly",
    "horizon_days": 60,
    "n_panels": 64,
    "n_effective": 32.0,
    "overlap_pct": 50.0,
    "rebals_per_year": 4.2,
    "mean_ret_per_panel": 0.056052790834489295,
    "sharpe": 2.3678684896439814,
    "win_rate": 0.828125,
    "mdd_per_panel": 0.40191804289809263,
    "mean_alpha_per_panel": 0.03651428313466599,
    "ir": 2.375079665043511,
    "t_stat": 5.485011535838709,
    "effective_t_stat": 3.8784888518779908,
    "is_significant_p05": true,
    "mean_ic": 0.10225860668495645,
    "annualized_simple_gross": 0.26544232045955707,
    "annual_cost_drag_log": 0.0252,
    "annualized_simple_net": 0.2339516232390142,
    "precision_directional_hit_rate": 0.5218957739330627,
    "precision_top20_actual_overlap": 0.06328125000000001,
    "precision_rmse": 0.14917414102659776,
    "precision_mae": 0.10580927408461976,
    "reliability_ensemble_disagreement": 0.007828955075987937,
    "reliability_ic_stability_cov": 0.9069971851369201
  },
  "annual": {
    "horizon": "annual",
    "horizon_days": 252,
    "n_panels": 61,
    "n_effective": 7.261904761904762,
    "overlap_pct": 88.09523809523809,
    "rebals_per_year": 1.0,
    "mean_ret_per_panel": 0.28515610269970976,
    "sharpe": 5.472704766497075,
    "win_rate": 0.9344262295081968,
    "mdd_per_panel": 0.06753859340765622,
    "mean_alpha_per_panel": 0.19293962587735028,
    "ir": 5.121051242405848,
    "t_stat": 11.546049524505973,
    "effective_t_stat": 3.983765561661369,
    "is_significant_p05": true,
    "mean_ic": 0.25217491371583006,
    "annualized_simple_gross": 0.3299696237667338,
    "annual_cost_drag_log": 0.006,
    "annualized_simple_net": 0.32201369767018706,
    "precision_directional_hit_rate": 0.6233134872914868,
    "precision_top20_actual_overlap": 0.09672131147540983,
    "precision_rmse": 0.2993697284769996,
    "precision_mae": 0.21649772162865472,
    "reliability_ensemble_disagreement": 0.017131926028310672,
    "reliability_ic_stability_cov": 0.37022812330982785
  },
  "_meta": {
    "tool": "multi_cycle_ensemble_validation.py",
    "tool_ver": "v0.1",
    "model_family": "ensemble_tree",
    "members": [
      "lgbm",
      "xgboost",
      "catboost"
    ],
    "run_at": "2026-06-01T06:22:37.126297",
    "constitution_ver": "v6.1.0",
    "seed": 5422,
    "horizons": [
      5,
      20,
      60,
      252
    ],
    "n_universe": 914,
    "n_panels_input": 95,
    "source_traceability": "per CLAUDE.md \u00a7\u4e00.10 \u2014 all (b) DB query"
  }
}