{
  "weekly": {
    "horizon": "weekly",
    "horizon_days": 5,
    "n_panels": 65,
    "n_effective": 65.0,
    "overlap_pct": 0.0,
    "rebals_per_year": 50.4,
    "mean_ret_per_panel": 0.007239135474476788,
    "sharpe": 0.6996841390892103,
    "win_rate": 0.676923076923077,
    "mdd_per_panel": 0.11762154458964152,
    "mean_alpha_per_panel": 0.002401185734881686,
    "ir": 0.38431038445083093,
    "t_stat": 0.8944337432974218,
    "effective_t_stat": 0.8944337432974218,
    "is_significant_p05": false,
    "mean_ic": -0.0059523621369388805,
    "annualized_simple_gross": 0.44030144417622985,
    "annual_cost_drag_log": 0.3024,
    "annualized_simple_net": 0.06444381990003101,
    "precision_directional_hit_rate": 0.4809037476570613,
    "precision_top20_actual_overlap": 0.06384615384615386,
    "precision_rmse": 0.045694189563101374,
    "precision_mae": 0.03084573708285982,
    "reliability_ic_stability_cov": 16.989736787567974
  },
  "monthly": {
    "horizon": "monthly",
    "horizon_days": 20,
    "n_panels": 65,
    "n_effective": 65.0,
    "overlap_pct": 0.0,
    "rebals_per_year": 12.6,
    "mean_ret_per_panel": 0.022955681886759435,
    "sharpe": 1.1660358487504667,
    "win_rate": 0.6615384615384615,
    "mdd_per_panel": 0.26939008703468903,
    "mean_alpha_per_panel": 0.010653208062245333,
    "ir": 0.9901165615740289,
    "t_stat": 2.304370889521812,
    "effective_t_stat": 2.304370889521812,
    "is_significant_p05": true,
    "mean_ic": 0.01481806611591907,
    "annualized_simple_gross": 0.33541431467205696,
    "annual_cost_drag_log": 0.0756,
    "annualized_simple_net": 0.23817880178907047,
    "precision_directional_hit_rate": 0.4986038831606953,
    "precision_top20_actual_overlap": 0.06538461538461539,
    "precision_rmse": 0.0879843646603166,
    "precision_mae": 0.06103465712241607,
    "reliability_ic_stability_cov": 5.5478012127563945
  },
  "quarterly": {
    "horizon": "quarterly",
    "horizon_days": 60,
    "n_panels": 64,
    "n_effective": 32.0,
    "overlap_pct": 50.0,
    "rebals_per_year": 4.2,
    "mean_ret_per_panel": 0.0551995248917884,
    "sharpe": 1.987490725294122,
    "win_rate": 0.765625,
    "mdd_per_panel": 0.3929731821570863,
    "mean_alpha_per_panel": 0.03566101719196509,
    "ir": 2.117951298964097,
    "t_stat": 4.891199010349756,
    "effective_t_stat": 3.458599988351243,
    "is_significant_p05": true,
    "mean_ic": 0.10496298232052215,
    "annualized_simple_gross": 0.2609154497112842,
    "annual_cost_drag_log": 0.0252,
    "annualized_simple_net": 0.2295374042598386,
    "precision_directional_hit_rate": 0.5240125637541708,
    "precision_top20_actual_overlap": 0.06171875,
    "precision_rmse": 0.14979490270640486,
    "precision_mae": 0.10625368835007253,
    "reliability_ic_stability_cov": 0.8647035244952233
  },
  "annual": {
    "horizon": "annual",
    "horizon_days": 252,
    "n_panels": 61,
    "n_effective": 7.261904761904762,
    "overlap_pct": 88.09523809523809,
    "rebals_per_year": 1.0,
    "mean_ret_per_panel": 0.3236743488052623,
    "sharpe": 5.936579755066479,
    "win_rate": 0.9508196721311475,
    "mdd_per_panel": 0.05451101292826177,
    "mean_alpha_per_panel": 0.2314578719829028,
    "ir": 5.949481577510294,
    "t_stat": 13.413849166406328,
    "effective_t_stat": 4.628217663975078,
    "is_significant_p05": true,
    "mean_ic": 0.267595309482606,
    "annualized_simple_gross": 0.3821971196780327,
    "annual_cost_drag_log": 0.006,
    "annualized_simple_net": 0.37392876682357157,
    "precision_directional_hit_rate": 0.6291854606912316,
    "precision_top20_actual_overlap": 0.1139344262295082,
    "precision_rmse": 0.2973829484501004,
    "precision_mae": 0.21535440042904938,
    "reliability_ic_stability_cov": 0.36331101220436923
  },
  "_meta": {
    "tool": "multi_cycle_xgboost_dedicated_validation.py",
    "tool_ver": "v0.1",
    "model_family": "xgboost",
    "xgboost_version": "3.2.0",
    "run_at": "2026-06-01T05:53:22.195524",
    "constitution_ver": "v6.1.0",
    "seed": 5422,
    "horizons": [
      5,
      20,
      60,
      252
    ],
    "n_universe": 914,
    "n_panels_input": 95,
    "source_traceability": "per CLAUDE.md \u00a7\u4e00.10 \u2014 all (b) DB query"
  }
}