{
  "weekly": {
    "horizon": "weekly",
    "horizon_days": 5,
    "n_panels": 65,
    "n_effective": 65.0,
    "overlap_pct": 0.0,
    "rebals_per_year": 50.4,
    "mean_ret_per_panel": 0.006928484102431583,
    "std_ret_per_panel": 0.03380809476821167,
    "sharpe": 0.7099179393053703,
    "win_rate": 0.7076923076923077,
    "mdd_per_panel": 0.10549117970689109,
    "mean_alpha_per_panel": 0.002080720812018536,
    "std_alpha_per_panel": 0.020577153589984506,
    "ir": 0.35028305999875553,
    "t_stat": 0.8152394555147569,
    "effective_t_stat": 0.8152394555147569,
    "is_significant_p05": false,
    "mean_ic": -0.002075599109234018,
    "annualized_simple_gross": 0.4179265078899499,
    "annual_cost_drag_log": 0.3024,
    "annualized_simple_net": 0.047907793537709686,
    "net_sharpe_per_panel": 0.09513589277699204
  },
  "monthly": {
    "horizon": "monthly",
    "horizon_days": 20,
    "n_panels": 65,
    "n_effective": 65.0,
    "overlap_pct": 0.0,
    "rebals_per_year": 12.6,
    "mean_ret_per_panel": 0.02352438085948802,
    "std_ret_per_panel": 0.07095518116575936,
    "sharpe": 1.1484833720612488,
    "win_rate": 0.6615384615384615,
    "mdd_per_panel": 0.259847731148252,
    "mean_alpha_per_panel": 0.011199541061457232,
    "std_alpha_per_panel": 0.03903123805517629,
    "ir": 0.9939820055144384,
    "t_stat": 2.3133672206984133,
    "effective_t_stat": 2.3133672206984133,
    "is_significant_p05": true,
    "mean_ic": 0.013125916514783143,
    "annualized_simple_gross": 0.34501773498530364,
    "annual_cost_drag_log": 0.0756,
    "annualized_simple_net": 0.24708296832816634,
    "net_sharpe_per_panel": 0.8555574806838268
  },
  "quarterly": {
    "horizon": "quarterly",
    "horizon_days": 60,
    "n_panels": 64,
    "n_effective": 32.0,
    "overlap_pct": 50.0,
    "rebals_per_year": 4.2,
    "mean_ret_per_panel": 0.06247214378598014,
    "std_ret_per_panel": 0.08978367870004257,
    "sharpe": 2.410347374082693,
    "win_rate": 0.78125,
    "mdd_per_panel": 0.4525225400653443,
    "mean_alpha_per_panel": 0.042923782022049106,
    "std_alpha_per_panel": 0.059599087116091215,
    "ir": 2.494876177226809,
    "t_stat": 5.761669730066731,
    "effective_t_stat": 4.074115737087451,
    "is_significant_p05": true,
    "mean_ic": 0.1022196093290411,
    "annualized_simple_gross": 0.30002436149197287,
    "annual_cost_drag_log": 0.0252,
    "annualized_simple_net": 0.2676730856691396,
    "net_sharpe_per_panel": 2.178850848302483
  },
  "annual": {
    "horizon": "annual",
    "horizon_days": 252,
    "n_panels": 61,
    "n_effective": 7.261904761904762,
    "overlap_pct": 88.09523809523809,
    "rebals_per_year": 1.0,
    "mean_ret_per_panel": 0.3198968239810701,
    "std_ret_per_panel": 0.1831486470410302,
    "sharpe": 6.05057761841946,
    "win_rate": 0.9836065573770492,
    "mdd_per_panel": 0.028388016842821884,
    "mean_alpha_per_panel": 0.22722485348671814,
    "std_alpha_per_panel": 0.1327547001843699,
    "ir": 5.929206128819641,
    "t_stat": 13.368135635407977,
    "effective_t_stat": 4.612444997306132,
    "is_significant_p05": true,
    "mean_ic": 0.25630722282220636,
    "annualized_simple_gross": 0.3769856851053859,
    "annual_cost_drag_log": 0.006,
    "annualized_simple_net": 0.36874850723986885,
    "net_sharpe_per_panel": 5.937092697691816
  },
  "_meta": {
    "tool": "multi_cycle_xgboost_validation.py",
    "tool_ver": "v0.1",
    "model_family": "xgboost",
    "xgboost_version": "3.2.0",
    "run_at": "2026-05-29T16:52:40.511043",
    "constitution_ver": "v6.1.0",
    "seed": 5422,
    "horizons": [
      5,
      20,
      60,
      252
    ],
    "n_universe": 910,
    "n_panels_input": 95,
    "source_traceability": "per CLAUDE.md \u00a7\u4e00.10 \u2014 all (b) DB query"
  }
}