{
  "weekly": {
    "horizon": "weekly",
    "horizon_days": 5,
    "n_panels": 65,
    "n_effective": 65.0,
    "overlap_pct": 0.0,
    "rebals_per_year": 50.4,
    "mean_ret_per_panel": 0.005565082238332485,
    "sharpe": 0.676794324532386,
    "win_rate": 0.6923076923076923,
    "mdd_per_panel": 0.10848570061489639,
    "mean_alpha_per_panel": 0.00023347485235289658,
    "ir": 0.052092652489815046,
    "t_stat": 0.12123905064740251,
    "effective_t_stat": 0.12123905064740251,
    "is_significant_p05": false,
    "mean_ic": -0.016843652700160833,
    "annualized_simple_gross": 0.3237652587933282,
    "annual_cost_drag_log": 0.3024,
    "annualized_simple_net": -0.021681360927306992,
    "precision_directional_hit_rate": 0.5113556726797722,
    "precision_top20_actual_overlap": 0.07153846153846155,
    "precision_rmse": 0.0455913954669108,
    "precision_mae": 0.03268885224363946,
    "reliability_ic_stability_cov": 8.04415652820831
  },
  "monthly": {
    "horizon": "monthly",
    "horizon_days": 20,
    "n_panels": 65,
    "n_effective": 65.0,
    "overlap_pct": 0.0,
    "rebals_per_year": 12.6,
    "mean_ret_per_panel": 0.01768012928814406,
    "sharpe": 0.9271718273324092,
    "win_rate": 0.6307692307692307,
    "mdd_per_panel": 0.2881246652371017,
    "mean_alpha_per_panel": 0.004197304077447199,
    "ir": 0.5030418926719362,
    "t_stat": 1.1707662902237952,
    "effective_t_stat": 1.1707662902237952,
    "is_significant_p05": false,
    "mean_ic": -0.0014280166167536755,
    "annualized_simple_gross": 0.24953268452078725,
    "annual_cost_drag_log": 0.0756,
    "annualized_simple_net": 0.15855047015589863,
    "precision_directional_hit_rate": 0.5351309062658361,
    "precision_top20_actual_overlap": 0.0876923076923077,
    "precision_rmse": 0.08690745119006753,
    "precision_mae": 0.06283501492237918,
    "reliability_ic_stability_cov": 101.42752100071652
  },
  "quarterly": {
    "horizon": "quarterly",
    "horizon_days": 60,
    "n_panels": 64,
    "n_effective": 32.0,
    "overlap_pct": 50.0,
    "rebals_per_year": 4.2,
    "mean_ret_per_panel": 0.03329936501650213,
    "sharpe": 1.6133060311772571,
    "win_rate": 0.703125,
    "mdd_per_panel": 0.23984394316715296,
    "mean_alpha_per_panel": 0.010728975464203105,
    "ir": 1.0979506262466305,
    "t_stat": 2.5356083584816416,
    "effective_t_stat": 1.7929458647156593,
    "is_significant_p05": false,
    "mean_ic": 0.03919462432555644,
    "annualized_simple_gross": 0.15010970453058525,
    "annual_cost_drag_log": 0.0252,
    "annualized_simple_net": 0.12148907450247948,
    "precision_directional_hit_rate": 0.504360045035926,
    "precision_top20_actual_overlap": 0.053125000000000006,
    "precision_rmse": 0.15150736873533116,
    "precision_mae": 0.11162911051013245,
    "reliability_ic_stability_cov": 2.6833511649952726
  },
  "annual": {
    "horizon": "annual",
    "horizon_days": 252,
    "n_panels": 61,
    "n_effective": 7.261904761904762,
    "overlap_pct": 88.09523809523809,
    "rebals_per_year": 1.0,
    "mean_ret_per_panel": 0.19259260726945726,
    "sharpe": 3.8451315713627405,
    "win_rate": 0.8688524590163934,
    "mdd_per_panel": 0.5838276471926065,
    "mean_alpha_per_panel": 0.08685182897681254,
    "ir": 3.43919471450431,
    "t_stat": 7.754093958144182,
    "effective_t_stat": 2.675416592209967,
    "is_significant_p05": true,
    "mean_ic": 0.15775451537663837,
    "annualized_simple_gross": 0.21238877452274596,
    "annual_cost_drag_log": 0.006,
    "annualized_simple_net": 0.2051362212929455,
    "precision_directional_hit_rate": 0.6223291659055724,
    "precision_top20_actual_overlap": 0.07786885245901638,
    "precision_rmse": 0.3070802480539813,
    "precision_mae": 0.22649341855887142,
    "reliability_ic_stability_cov": 0.7512273740367333
  },
  "_meta": {
    "tool": "multi_cycle_transformer_dedicated_validation.py",
    "tool_ver": "v0.2",
    "model_family": "transformer",
    "pytorch_version": "2.2.2",
    "run_at": "2026-06-04T03:41:37.952297",
    "constitution_ver": "v6.1.0",
    "seed": 5422,
    "horizons": [
      5,
      20,
      60,
      252
    ],
    "n_universe": 397,
    "n_panels_input": 96,
    "source_traceability": "per CLAUDE.md \u00a7\u4e00.10 \u2014 all (b) DB query",
    "compute_control_note": "epochs=15 (trainer 30) per \u00a7\u4e00.10 honest disclosure"
  }
}