{
  "weekly": {
    "horizon": "weekly",
    "horizon_days": 5,
    "n_panels": 65,
    "n_effective": 65.0,
    "overlap_pct": 0.0,
    "rebals_per_year": 50.4,
    "mean_ret_per_panel": 0.007745341867020824,
    "std_ret_per_panel": 0.034548890034935505,
    "sharpe": 0.7765995157647615,
    "win_rate": 0.6615384615384615,
    "mdd_per_panel": 0.11186936756863952,
    "mean_alpha_per_panel": 0.0031893050087290187,
    "std_alpha_per_panel": 0.02111487466831266,
    "ir": 0.5232366663528012,
    "t_stat": 1.217767068108659,
    "effective_t_stat": 1.217767068108659,
    "is_significant_p05": false,
    "mean_ic": -0.014882973350820868,
    "std_ic": 0.11074342448678873,
    "annualized_log_gross": 0.3903652300978495,
    "annualized_simple_gross": 0.47752033024397567,
    "annual_cost_drag_log": 0.3024,
    "annualized_log_net": 0.08796523009784951,
    "annualized_simple_net": 0.09195015436811471,
    "net_sharpe_per_panel": 0.1749995896945078
  },
  "monthly": {
    "horizon": "monthly",
    "horizon_days": 20,
    "n_panels": 65,
    "n_effective": 65.0,
    "overlap_pct": 0.0,
    "rebals_per_year": 12.6,
    "mean_ret_per_panel": 0.02169094616842291,
    "std_ret_per_panel": 0.06404041781703142,
    "sharpe": 1.1733159185591173,
    "win_rate": 0.6307692307692307,
    "mdd_per_panel": 0.36752588506193284,
    "mean_alpha_per_panel": 0.010506871558546807,
    "std_alpha_per_panel": 0.03912454391205075,
    "ir": 0.9302823009981804,
    "t_stat": 2.165114226601384,
    "effective_t_stat": 2.165114226601384,
    "is_significant_p05": true,
    "mean_ic": 0.018307912532874587,
    "std_ic": 0.08326501321451975,
    "annualized_log_gross": 0.27330592172212864,
    "annualized_simple_gross": 0.31430225693932523,
    "annual_cost_drag_log": 0.0756,
    "annualized_log_net": 0.19770592172212864,
    "annualized_simple_net": 0.21860397616408456,
    "net_sharpe_per_panel": 0.8487613575596905
  },
  "quarterly": {
    "horizon": "quarterly",
    "horizon_days": 60,
    "n_panels": 64,
    "n_effective": 32.0,
    "overlap_pct": 50.0,
    "rebals_per_year": 4.2,
    "mean_ret_per_panel": 0.045956522254026404,
    "std_ret_per_panel": 0.0911463574302713,
    "sharpe": 1.746620133317742,
    "win_rate": 0.71875,
    "mdd_per_panel": 0.29347565987407986,
    "mean_alpha_per_panel": 0.028002790780225967,
    "std_alpha_per_panel": 0.05623718448718772,
    "ir": 1.7249176617695985,
    "t_stat": 3.9835267054104704,
    "effective_t_stat": 2.8167787464334504,
    "is_significant_p05": true,
    "mean_ic": 0.10022284081406771,
    "std_ic": 0.09062504345614746,
    "annualized_log_gross": 0.1930173934669109,
    "annualized_simple_gross": 0.21290388993932474,
    "annual_cost_drag_log": 0.0252,
    "annualized_log_net": 0.1678173934669109,
    "annualized_simple_net": 0.18272061841587273,
    "net_sharpe_per_panel": 1.518584583935232
  },
  "annual": {
    "horizon": "annual",
    "horizon_days": 252,
    "n_panels": 60,
    "n_effective": 7.142857142857142,
    "overlap_pct": 88.09523809523809,
    "rebals_per_year": 1.0,
    "mean_ret_per_panel": 0.2511852767389642,
    "std_ret_per_panel": 0.18043775899318762,
    "sharpe": 4.822335012945496,
    "win_rate": 0.9166666666666666,
    "mdd_per_panel": 0.22132789856213542,
    "mean_alpha_per_panel": 0.1681503534283361,
    "std_alpha_per_panel": 0.1276503295921148,
    "ir": 4.563168091757632,
    "t_stat": 10.203554045928064,
    "effective_t_stat": 3.5205606149916453,
    "is_significant_p05": true,
    "mean_ic": 0.23478269972953958,
    "std_ic": 0.09237074419832915,
    "annualized_log_gross": 0.2511852767389642,
    "annualized_simple_gross": 0.2855482444542621,
    "annual_cost_drag_log": 0.006,
    "annualized_log_net": 0.24518527673896418,
    "annualized_simple_net": 0.2778580486455364,
    "net_sharpe_per_panel": 4.707145100330745
  },
  "_meta": {
    "tool": "multi_cycle_validation.py",
    "tool_ver": "v0.1",
    "run_at": "2026-05-29T18:24:54.719341",
    "constitution_ver": "v6.1.0",
    "seed": 5422,
    "horizons": [
      5,
      20,
      60,
      252
    ],
    "n_universe": 1002,
    "n_panels_input": 95,
    "source_traceability": "per CLAUDE.md \u00a7\u4e00.10 \u2014 all data from (b) DB query"
  }
}