{
  "weekly": {
    "horizon": "weekly",
    "horizon_days": 5,
    "n_panels": 65,
    "n_effective": 65.0,
    "overlap_pct": 0.0,
    "rebals_per_year": 50.4,
    "mean_ret_per_panel": 0.008565511874078198,
    "sharpe": 0.8228338181313238,
    "win_rate": 0.6461538461538462,
    "mdd_per_panel": 0.10101334123567457,
    "mean_alpha_per_panel": 0.004009475015786394,
    "ir": 0.6044878995878598,
    "t_stat": 1.406869022233095,
    "effective_t_stat": 1.406869022233095,
    "is_significant_p05": false,
    "mean_ic": -0.013028135442268841,
    "annualized_simple_gross": 0.5398758533274188,
    "annual_cost_drag_log": 0.3024,
    "annualized_simple_net": 0.1380335291027468,
    "precision_directional_hit_rate": 0.4813500745842582,
    "precision_top20_actual_overlap": 0.06,
    "precision_rmse": 0.04318440859986026,
    "precision_mae": 0.02857861204364067,
    "reliability_ic_stability_cov": 8.251453374001779
  },
  "monthly": {
    "horizon": "monthly",
    "horizon_days": 20,
    "n_panels": 65,
    "n_effective": 65.0,
    "overlap_pct": 0.0,
    "rebals_per_year": 12.6,
    "mean_ret_per_panel": 0.01795875406150064,
    "sharpe": 0.9398654512958554,
    "win_rate": 0.5692307692307692,
    "mdd_per_panel": 0.398213222160822,
    "mean_alpha_per_panel": 0.006774679451624529,
    "ir": 0.5601657199227446,
    "t_stat": 1.3037147628819745,
    "effective_t_stat": 1.3037147628819745,
    "is_significant_p05": false,
    "mean_ic": 0.015936123328699175,
    "annualized_simple_gross": 0.25392709326053775,
    "annual_cost_drag_log": 0.0756,
    "annualized_simple_net": 0.16262490884370928,
    "precision_directional_hit_rate": 0.4972378652693128,
    "precision_top20_actual_overlap": 0.06230769230769231,
    "precision_rmse": 0.08253949298044225,
    "precision_mae": 0.05614847044392081,
    "reliability_ic_stability_cov": 5.232879635379244
  },
  "quarterly": {
    "horizon": "quarterly",
    "horizon_days": 60,
    "n_panels": 64,
    "n_effective": 32.0,
    "overlap_pct": 50.0,
    "rebals_per_year": 4.2,
    "mean_ret_per_panel": 0.054529877736009,
    "sharpe": 2.100144717812619,
    "win_rate": 0.78125,
    "mdd_per_panel": 0.2964864559457422,
    "mean_alpha_per_panel": 0.036576146262208564,
    "ir": 2.242322067947517,
    "t_stat": 5.17842099815735,
    "effective_t_stat": 3.6616966036358725,
    "is_significant_p05": true,
    "mean_ic": 0.10458466569726102,
    "annualized_simple_gross": 0.25737408465506295,
    "annual_cost_drag_log": 0.0252,
    "annualized_simple_net": 0.22608416653500973,
    "precision_directional_hit_rate": 0.5239465196778952,
    "precision_top20_actual_overlap": 0.04999999999999999,
    "precision_rmse": 0.14100407602676562,
    "precision_mae": 0.09843421837680041,
    "reliability_ic_stability_cov": 0.8385713485112324
  },
  "annual": {
    "horizon": "annual",
    "horizon_days": 252,
    "n_panels": 60,
    "n_effective": 7.142857142857142,
    "overlap_pct": 88.09523809523809,
    "rebals_per_year": 1.0,
    "mean_ret_per_panel": 0.2921534984144352,
    "sharpe": 5.87864541984502,
    "win_rate": 0.9666666666666667,
    "mdd_per_panel": 0.09071901153322415,
    "mean_alpha_per_panel": 0.20911857510380702,
    "ir": 5.856566718778397,
    "t_stat": 13.095681297951389,
    "effective_t_stat": 4.518439319920017,
    "is_significant_p05": true,
    "mean_ic": 0.254104197899493,
    "annualized_simple_gross": 0.3393085836058882,
    "annual_cost_drag_log": 0.006,
    "annualized_simple_net": 0.33129679151588465,
    "precision_directional_hit_rate": 0.6260643470351205,
    "precision_top20_actual_overlap": 0.10166666666666667,
    "precision_rmse": 0.27751827284909536,
    "precision_mae": 0.1980441311435962,
    "reliability_ic_stability_cov": 0.37880456143461
  },
  "_meta": {
    "tool": "multi_cycle_xgboost_dedicated_validation.py",
    "tool_ver": "v0.1",
    "model_family": "xgboost",
    "xgboost_version": "3.2.0",
    "run_at": "2026-05-29T17:54:02.192339",
    "constitution_ver": "v6.1.0",
    "seed": 5422,
    "horizons": [
      5,
      20,
      60,
      252
    ],
    "n_universe": 1002,
    "n_panels_input": 95,
    "source_traceability": "per CLAUDE.md \u00a7\u4e00.10 \u2014 all (b) DB query"
  }
}