{
  "weekly": {
    "horizon": "weekly",
    "horizon_days": 5,
    "n_panels": 65,
    "n_effective": 65.0,
    "overlap_pct": 0.0,
    "rebals_per_year": 50.4,
    "mean_ret_per_panel": 0.007703912289093843,
    "sharpe": 0.7982476480355507,
    "win_rate": 0.7230769230769231,
    "mdd_per_panel": 0.1523011010462501,
    "mean_alpha_per_panel": 0.002372304903114256,
    "ir": 0.5450334728831144,
    "t_stat": 1.2684963745381401,
    "effective_t_stat": 1.2684963745381401,
    "is_significant_p05": false,
    "mean_ic": -0.004774683121069306,
    "annualized_simple_gross": 0.4744384115645073,
    "annual_cost_drag_log": 0.3024,
    "annualized_simple_net": 0.08967248582514453,
    "precision_directional_hit_rate": 0.5200114211466345,
    "precision_top20_actual_overlap": 0.08076923076923079,
    "precision_rmse": 0.045228460244323844,
    "precision_mae": 0.03212496371154673,
    "reliability_ic_stability_cov": 30.20990207095336
  },
  "monthly": {
    "horizon": "monthly",
    "horizon_days": 20,
    "n_panels": 65,
    "n_effective": 65.0,
    "overlap_pct": 0.0,
    "rebals_per_year": 12.6,
    "mean_ret_per_panel": 0.02063780448909918,
    "sharpe": 0.8733877162489396,
    "win_rate": 0.6,
    "mdd_per_panel": 0.456250532658227,
    "mean_alpha_per_panel": 0.0071549792784023165,
    "ir": 0.5592476043842879,
    "t_stat": 1.301577965254154,
    "effective_t_stat": 1.301577965254154,
    "is_significant_p05": false,
    "mean_ic": -0.0026784646604985857,
    "annualized_simple_gross": 0.2969772135033266,
    "annual_cost_drag_log": 0.0756,
    "annualized_simple_net": 0.2025404209910997,
    "precision_directional_hit_rate": 0.5302789438334611,
    "precision_top20_actual_overlap": 0.10846153846153846,
    "precision_rmse": 0.08698755724527493,
    "precision_mae": 0.06300880276843883,
    "reliability_ic_stability_cov": 71.04398802779455
  },
  "quarterly": {
    "horizon": "quarterly",
    "horizon_days": 60,
    "n_panels": 64,
    "n_effective": 32.0,
    "overlap_pct": 50.0,
    "rebals_per_year": 4.2,
    "mean_ret_per_panel": 0.029264718276610657,
    "sharpe": 1.249884859059286,
    "win_rate": 0.703125,
    "mdd_per_panel": 0.2956017165293881,
    "mean_alpha_per_panel": 0.006694328724311638,
    "ir": 0.6399740042324623,
    "t_stat": 1.4779566544718994,
    "effective_t_stat": 1.0450731726768632,
    "is_significant_p05": false,
    "mean_ic": 0.012360087234875784,
    "annualized_simple_gross": 0.13078470029409006,
    "annual_cost_drag_log": 0.0252,
    "annualized_simple_net": 0.1026449755173402,
    "precision_directional_hit_rate": 0.521311798214564,
    "precision_top20_actual_overlap": 0.056249999999999994,
    "precision_rmse": 0.14881152294464106,
    "precision_mae": 0.10926162902994549,
    "reliability_ic_stability_cov": 10.880608070010013
  },
  "annual": {
    "horizon": "annual",
    "horizon_days": 252,
    "n_panels": 61,
    "n_effective": 7.261904761904762,
    "overlap_pct": 88.09523809523809,
    "rebals_per_year": 1.0,
    "mean_ret_per_panel": 0.21250497239001243,
    "sharpe": 4.208901738448452,
    "win_rate": 0.9016393442622951,
    "mdd_per_panel": 0.6075231375944856,
    "mean_alpha_per_panel": 0.10676419409736768,
    "ir": 3.939671372772522,
    "t_stat": 8.882481081938963,
    "effective_t_stat": 3.064747138078045,
    "is_significant_p05": true,
    "mean_ic": 0.12410510137033207,
    "annualized_simple_gross": 0.23677226326404477,
    "annual_cost_drag_log": 0.006,
    "annualized_simple_net": 0.2293738471281035,
    "precision_directional_hit_rate": 0.6068714306747911,
    "precision_top20_actual_overlap": 0.08606557377049177,
    "precision_rmse": 0.312094045743347,
    "precision_mae": 0.23214756564584146,
    "reliability_ic_stability_cov": 1.0104057808370694
  },
  "_meta": {
    "tool": "multi_cycle_extra_trees_validation.py",
    "tool_ver": "v0.1",
    "model_family": "extra_trees",
    "sklearn_version": "1.8.0",
    "run_at": "2026-06-01T15:27:29.951912",
    "constitution_ver": "v6.1.0",
    "seed": 5422,
    "horizons": [
      5,
      20,
      60,
      252
    ],
    "n_universe": 397,
    "n_panels_input": 95,
    "source_traceability": "per CLAUDE.md \u00a7\u4e00.10 \u2014 all (b) DB query"
  }
}