{
  "weekly": {
    "horizon": "weekly",
    "horizon_days": 5,
    "n_panels": 65,
    "n_effective": 65.0,
    "overlap_pct": 0.0,
    "rebals_per_year": 50.4,
    "mean_ret_per_panel": 0.0072106992796655694,
    "sharpe": 0.6571120617514101,
    "win_rate": 0.676923076923077,
    "mdd_per_panel": 0.17281018339576776,
    "mean_alpha_per_panel": 0.0027760745548302043,
    "ir": 0.3876470377273443,
    "t_stat": 0.9021993811800985,
    "effective_t_stat": 0.9021993811800985,
    "is_significant_p05": false,
    "mean_ic": -0.025303593359807194,
    "annualized_simple_gross": 0.43823870537200005,
    "annual_cost_drag_log": 0.3024,
    "annualized_simple_net": 0.0629193684866769,
    "precision_directional_hit_rate": 0.5069495330869211,
    "precision_top20_actual_overlap": 0.06384615384615386,
    "precision_rmse": 0.04297789063077665,
    "precision_mae": 0.02828641487087336,
    "reliability_ic_stability_cov": 7.236706019958648
  },
  "monthly": {
    "horizon": "monthly",
    "horizon_days": 20,
    "n_panels": 65,
    "n_effective": 65.0,
    "overlap_pct": 0.0,
    "rebals_per_year": 12.6,
    "mean_ret_per_panel": 0.019348485554212775,
    "sharpe": 0.9211887119981665,
    "win_rate": 0.5846153846153846,
    "mdd_per_panel": 0.30388008971752667,
    "mean_alpha_per_panel": 0.008242425047159297,
    "ir": 0.613766210436793,
    "t_stat": 1.428463115548963,
    "effective_t_stat": 1.428463115548963,
    "is_significant_p05": false,
    "mean_ic": -0.006761704205914072,
    "annualized_simple_gross": 0.27607749773848966,
    "annual_cost_drag_log": 0.0756,
    "annualized_simple_net": 0.18316247607982872,
    "precision_directional_hit_rate": 0.5182411648512564,
    "precision_top20_actual_overlap": 0.0653846153846154,
    "precision_rmse": 0.0822967393732365,
    "precision_mae": 0.055887189265814576,
    "reliability_ic_stability_cov": 29.603405466295413
  },
  "quarterly": {
    "horizon": "quarterly",
    "horizon_days": 60,
    "n_panels": 64,
    "n_effective": 32.0,
    "overlap_pct": 50.0,
    "rebals_per_year": 4.2,
    "mean_ret_per_panel": 0.02505881796528687,
    "sharpe": 1.2368966949266047,
    "win_rate": 0.6875,
    "mdd_per_panel": 0.47572291464333094,
    "mean_alpha_per_panel": 0.00747004659939482,
    "ir": 0.5117783914196942,
    "t_stat": 1.1819015682063765,
    "effective_t_stat": 0.8357306135737437,
    "is_significant_p05": false,
    "mean_ic": 0.027639137583192495,
    "annualized_simple_gross": 0.11098502915001474,
    "annual_cost_drag_log": 0.0252,
    "annualized_simple_net": 0.08333802177253613,
    "precision_directional_hit_rate": 0.5103405624752582,
    "precision_top20_actual_overlap": 0.03125,
    "precision_rmse": 0.14142283178388826,
    "precision_mae": 0.09881032382548945,
    "reliability_ic_stability_cov": 4.878117400216865
  },
  "annual": {
    "horizon": "annual",
    "horizon_days": 252,
    "n_panels": 61,
    "n_effective": 7.261904761904762,
    "overlap_pct": 88.09523809523809,
    "rebals_per_year": 1.0,
    "mean_ret_per_panel": 0.1634032476714035,
    "sharpe": 3.712993492758416,
    "win_rate": 0.8360655737704918,
    "mdd_per_panel": 0.2596095350551302,
    "mean_alpha_per_panel": 0.07991702281559042,
    "ir": 2.964699911932419,
    "t_stat": 6.684286172537658,
    "effective_t_stat": 2.3062978382282817,
    "is_significant_p05": true,
    "mean_ic": 0.09830692073321978,
    "annualized_simple_gross": 0.17751142270379883,
    "annual_cost_drag_log": 0.006,
    "annualized_simple_net": 0.17046750704628288,
    "precision_directional_hit_rate": 0.5973991774902114,
    "precision_top20_actual_overlap": 0.05819672131147541,
    "precision_rmse": 0.29287201408644675,
    "precision_mae": 0.21123550173823266,
    "reliability_ic_stability_cov": 1.1853051865556206
  },
  "_meta": {
    "tool": "multi_cycle_extra_trees_validation.py",
    "tool_ver": "v0.1",
    "model_family": "extra_trees",
    "sklearn_version": "1.8.0",
    "run_at": "2026-05-29T11:10:20.414632",
    "constitution_ver": "v6.1.0",
    "seed": 5422,
    "horizons": [
      5,
      20,
      60,
      252
    ],
    "n_universe": 1121,
    "n_panels_input": 95,
    "source_traceability": "per CLAUDE.md \u00a7\u4e00.10 \u2014 all (b) DB query"
  }
}