{
  "weekly": {
    "horizon": "weekly",
    "horizon_days": 5,
    "n_panels": 66,
    "n_effective": 66.0,
    "overlap_pct": 0.0,
    "rebals_per_year": 50.4,
    "mean_ret_per_panel": 0.005450267597021187,
    "std_ret_per_panel": 0.032550235445794204,
    "sharpe": 0.5800351526555108,
    "win_rate": 0.6666666666666666,
    "mdd_per_panel": 0.12076813348722898,
    "mean_alpha_per_panel": 0.0009709286019889714,
    "ir": 0.17414764572100916,
    "t_stat": 0.40841243101298436,
    "effective_t_stat": 0.40841243101298436,
    "is_significant_p05": false,
    "annualized_log_gross": 0.27469348688986783,
    "annualized_simple_net": -0.02732620807902031,
    "annual_cost_drag_log": 0.3024,
    "net_sharpe_per_panel": -0.058504305083253064,
    "rank_ic_mean": -0.011732821299467462,
    "rank_ic_std": 0.07017065111141764,
    "rank_ic_ir": -0.579212029101361,
    "directional_accuracy": 0.46012994827151904,
    "rmse": 0.046873261375809064,
    "mae": 0.031106135146492797,
    "r2": -0.08017731764925395,
    "calibration_p10_p90_coverage": null
  },
  "monthly": {
    "horizon": "monthly",
    "horizon_days": 20,
    "n_panels": 66,
    "n_effective": 66.0,
    "overlap_pct": 0.0,
    "rebals_per_year": 12.6,
    "mean_ret_per_panel": 0.01889285005029682,
    "std_ret_per_panel": 0.06392626242894241,
    "sharpe": 1.023785059333577,
    "win_rate": 0.6515151515151515,
    "mdd_per_panel": 0.28983290395005035,
    "mean_alpha_per_panel": 0.007508154965164633,
    "ir": 0.7865756948913886,
    "t_stat": 1.8446835178063177,
    "effective_t_stat": 1.8446835178063177,
    "is_significant_p05": false,
    "annualized_log_gross": 0.23804991063373995,
    "annualized_simple_net": 0.17638939237377893,
    "annual_cost_drag_log": 0.0756,
    "net_sharpe_per_panel": 0.6986509297740746,
    "rank_ic_mean": 0.0385472857709525,
    "rank_ic_std": 0.07261080073006039,
    "rank_ic_ir": 1.839006229868663,
    "directional_accuracy": 0.5044493552931149,
    "rmse": 0.09036624228108435,
    "mae": 0.061249403540781365,
    "r2": -0.07544838757306205,
    "calibration_p10_p90_coverage": null
  },
  "quarterly": {
    "horizon": "quarterly",
    "horizon_days": 60,
    "n_panels": 65,
    "n_effective": 32.5,
    "overlap_pct": 50.0,
    "rebals_per_year": 4.2,
    "mean_ret_per_panel": 0.018444698376311054,
    "std_ret_per_panel": 0.09565399858869528,
    "sharpe": 0.6679732199262091,
    "win_rate": 0.6,
    "mdd_per_panel": 0.4967566160547314,
    "mean_alpha_per_panel": -0.00042285143005382965,
    "ir": -0.03086231155170643,
    "t_stat": -0.07182812113560195,
    "effective_t_stat": -0.05079015153487292,
    "is_significant_p05": false,
    "annualized_log_gross": 0.07746773318050643,
    "annualized_simple_net": 0.053657803908088386,
    "annual_cost_drag_log": 0.0252,
    "net_sharpe_per_panel": 0.4506837182065923,
    "rank_ic_mean": 0.0314023991592626,
    "rank_ic_std": 0.08535363409115733,
    "rank_ic_ir": 1.2744753378704914,
    "directional_accuracy": 0.5049090976058097,
    "rmse": 0.16134466443853301,
    "mae": 0.11378993906205709,
    "r2": -0.20168413328268064,
    "calibration_p10_p90_coverage": null
  },
  "annual": {
    "horizon": "annual",
    "horizon_days": 252,
    "n_panels": 62,
    "n_effective": 7.3809523809523805,
    "overlap_pct": 88.09523809523809,
    "rebals_per_year": 1.0,
    "mean_ret_per_panel": 0.07770205900200787,
    "std_ret_per_panel": 0.20173754178512177,
    "sharpe": 1.334247585781953,
    "win_rate": 0.6935483870967742,
    "mdd_per_panel": 1.5978997831491735,
    "mean_alpha_per_panel": -0.012775744541567465,
    "ir": -0.35410578973294066,
    "t_stat": -0.8048931833887522,
    "effective_t_stat": -0.2777145324030037,
    "is_significant_p05": false,
    "annualized_log_gross": 0.07770205900200787,
    "annualized_simple_net": 0.0743352078713222,
    "annual_cost_drag_log": 0.006,
    "net_sharpe_per_panel": 1.2312196143547753,
    "rank_ic_mean": 0.011151371647126885,
    "rank_ic_std": 0.10479897789908056,
    "rank_ic_ir": 0.36860554662100875,
    "directional_accuracy": 0.5268846172556707,
    "rmse": 0.3922176194143685,
    "mae": 0.2870385973027713,
    "r2": -0.5876133957953296,
    "calibration_p10_p90_coverage": null
  },
  "_meta": {
    "tool": "multi_cycle_patchtst_validation.py",
    "tool_ver": "v0.1",
    "model": "PatchTST (Patch Time Series Transformer, ICLR 2023, from-scratch torch.nn)",
    "run_at": "2026-06-02T02:32:11.170679",
    "constitution_ver": "v6.1.0",
    "seed": 5422,
    "horizons": [
      5,
      20,
      60,
      252
    ],
    "n_universe": 914,
    "n_stocks_with_series": 891,
    "n_weeks": 1774,
    "n_panels_input": 95,
    "lookback_weeks": 104,
    "pred_weeks": 52,
    "patch_len": 16,
    "stride": 8,
    "d_model": 64,
    "n_heads": 4,
    "n_layers": 2,
    "refit_every": 12,
    "epochs": 20,
    "max_train_samples": 40000,
    "smoke": false,
    "variates": "stocks (channel-independent; patched univariate per-channel)",
    "common_baseline": "universe v0.18 \u00d7 95 panels \u00d7 [('weekly', 5), ('monthly', 20), ('quarterly', 60), ('annual', 252)] \u00d7 top-20 \u00d7 cost 0.006 \u00d7 T_CZ-6",
    "source_traceability": "per CLAUDE.md \u00a7\u4e00.10 \u2014 all data from (b) DB query TaiwanStockPriceAdj/core_universe_*"
  }
}