{
  "weekly": {
    "horizon": "weekly",
    "horizon_days": 5,
    "n_panels": 65,
    "n_effective": 65.0,
    "overlap_pct": 0.0,
    "rebals_per_year": 50.4,
    "mean_ret_per_panel": 0.007624068332322974,
    "sharpe": 0.7906007445279252,
    "win_rate": 0.6307692307692307,
    "mdd_per_panel": 0.16795026309770944,
    "mean_alpha_per_panel": 0.0022924609463433883,
    "ir": 0.5324330112800394,
    "t_stat": 1.2391703961235345,
    "effective_t_stat": 1.2391703961235345,
    "is_significant_p05": false,
    "mean_ic": -0.0031887574355967613,
    "annualized_simple_gross": 0.46851699400992497,
    "annual_cost_drag_log": 0.3024,
    "annualized_simple_net": 0.08529630725050774,
    "precision_directional_hit_rate": 0.4902261168140467,
    "precision_top20_actual_overlap": 0.08692307692307692,
    "precision_rmse": 0.04589120953341178,
    "precision_mae": 0.03271529693864643,
    "reliability_ic_stability_cov": 36.746407248952856
  },
  "monthly": {
    "horizon": "monthly",
    "horizon_days": 20,
    "n_panels": 65,
    "n_effective": 65.0,
    "overlap_pct": 0.0,
    "rebals_per_year": 12.6,
    "mean_ret_per_panel": 0.02297095862539525,
    "sharpe": 1.1680423090639869,
    "win_rate": 0.5692307692307692,
    "mdd_per_panel": 0.28824814901439977,
    "mean_alpha_per_panel": 0.009488133414698386,
    "ir": 1.0608681176527743,
    "t_stat": 2.469036174947442,
    "effective_t_stat": 2.469036174947442,
    "is_significant_p05": true,
    "mean_ic": 0.020212224402807663,
    "annualized_simple_gross": 0.3356713891837446,
    "annual_cost_drag_log": 0.0756,
    "annualized_simple_net": 0.23841715793618867,
    "precision_directional_hit_rate": 0.5013212858324736,
    "precision_top20_actual_overlap": 0.09846153846153846,
    "precision_rmse": 0.08813513236648632,
    "precision_mae": 0.06404165463245043,
    "reliability_ic_stability_cov": 4.75523875902213
  },
  "quarterly": {
    "horizon": "quarterly",
    "horizon_days": 60,
    "n_panels": 64,
    "n_effective": 32.0,
    "overlap_pct": 50.0,
    "rebals_per_year": 4.2,
    "mean_ret_per_panel": 0.0501388019734888,
    "sharpe": 2.035191439802925,
    "win_rate": 0.734375,
    "mdd_per_panel": 0.24306556126911116,
    "mean_alpha_per_panel": 0.027568412421189785,
    "ir": 2.483217004982614,
    "t_stat": 5.734744025131874,
    "effective_t_stat": 4.055076388539786,
    "is_significant_p05": true,
    "mean_ic": 0.08154957386089744,
    "annualized_simple_gross": 0.23439746481884138,
    "annual_cost_drag_log": 0.0252,
    "annualized_simple_net": 0.20367932288069346,
    "precision_directional_hit_rate": 0.5250332938584292,
    "precision_top20_actual_overlap": 0.084375,
    "precision_rmse": 0.14988937734712848,
    "precision_mae": 0.1100810014766354,
    "reliability_ic_stability_cov": 1.2841084523253283
  },
  "annual": {
    "horizon": "annual",
    "horizon_days": 252,
    "n_panels": 61,
    "n_effective": 7.261904761904762,
    "overlap_pct": 88.09523809523809,
    "rebals_per_year": 1.0,
    "mean_ret_per_panel": 0.28559253073568275,
    "sharpe": 4.704349484130261,
    "win_rate": 0.9180327868852459,
    "mdd_per_panel": 0.5252037634808868,
    "mean_alpha_per_panel": 0.17985175244303803,
    "ir": 4.736419346944214,
    "t_stat": 10.678848884736887,
    "effective_t_stat": 3.6845529143892177,
    "is_significant_p05": true,
    "mean_ic": 0.23084615160967922,
    "annualized_simple_gross": 0.3305501864752445,
    "annual_cost_drag_log": 0.006,
    "annualized_simple_net": 0.32259078743170644,
    "precision_directional_hit_rate": 0.628162568936203,
    "precision_top20_actual_overlap": 0.14426229508196722,
    "precision_rmse": 0.3006515770428806,
    "precision_mae": 0.22221110847994965,
    "reliability_ic_stability_cov": 0.5198407419698831
  },
  "_meta": {
    "tool": "multi_cycle_catboost_validation.py",
    "tool_ver": "v0.2",
    "model_family": "catboost",
    "catboost_version": "1.2.10",
    "run_at": "2026-06-03T20:38:53.005649",
    "constitution_ver": "v6.1.0",
    "seed": 5422,
    "horizons": [
      5,
      20,
      60,
      252
    ],
    "n_universe": 397,
    "n_panels_input": 96,
    "source_traceability": "per CLAUDE.md \u00a7\u4e00.10 \u2014 all (b) DB query"
  }
}