{
  "weekly": {
    "horizon": "weekly",
    "horizon_days": 5,
    "n_panels": 65,
    "n_effective": 65.0,
    "overlap_pct": 0.0,
    "rebals_per_year": 50.4,
    "mean_ret_per_panel": 0.00738936694889942,
    "sharpe": 0.7040878263250294,
    "win_rate": 0.676923076923077,
    "mdd_per_panel": 0.11282700919133049,
    "mean_alpha_per_panel": 0.002541603658486372,
    "ir": 0.4059342300116049,
    "t_stat": 0.9447605049774275,
    "effective_t_stat": 0.9447605049774275,
    "is_significant_p05": false,
    "mean_ic": -0.009758058431609198,
    "annualized_simple_gross": 0.45124831683334077,
    "annual_cost_drag_log": 0.3024,
    "annualized_simple_net": 0.07253402281846166,
    "precision_directional_hit_rate": 0.4911980597767459,
    "precision_top20_actual_overlap": 0.06,
    "precision_rmse": 0.045267914977133464,
    "precision_mae": 0.030640374008627076,
    "reliability_ic_stability_cov": 11.325321109490682
  },
  "monthly": {
    "horizon": "monthly",
    "horizon_days": 20,
    "n_panels": 65,
    "n_effective": 65.0,
    "overlap_pct": 0.0,
    "rebals_per_year": 12.6,
    "mean_ret_per_panel": 0.01918204761515306,
    "sharpe": 0.932067430496446,
    "win_rate": 0.5846153846153846,
    "mdd_per_panel": 0.314477148394426,
    "mean_alpha_per_panel": 0.006857207817122266,
    "ir": 0.5796455483435744,
    "t_stat": 1.3490515962286245,
    "effective_t_stat": 1.3490515962286245,
    "is_significant_p05": false,
    "mean_ic": 0.013998175261396253,
    "annualized_simple_gross": 0.2734042166802506,
    "annual_cost_drag_log": 0.0756,
    "annualized_simple_net": 0.18068384461604303,
    "precision_directional_hit_rate": 0.49642708834443416,
    "precision_top20_actual_overlap": 0.0646153846153846,
    "precision_rmse": 0.08726100942990264,
    "precision_mae": 0.060679408683683156,
    "reliability_ic_stability_cov": 6.298323546734149
  },
  "quarterly": {
    "horizon": "quarterly",
    "horizon_days": 60,
    "n_panels": 64,
    "n_effective": 32.0,
    "overlap_pct": 50.0,
    "rebals_per_year": 4.2,
    "mean_ret_per_panel": 0.04291097321182484,
    "sharpe": 1.9077865370351612,
    "win_rate": 0.796875,
    "mdd_per_panel": 0.5024419836456961,
    "mean_alpha_per_panel": 0.023362611447893804,
    "ir": 1.8594600488487645,
    "t_stat": 4.294239039000756,
    "effective_t_stat": 3.0364855445134378,
    "is_significant_p05": true,
    "mean_ic": 0.07904429268985881,
    "annualized_simple_gross": 0.19748806959054077,
    "annual_cost_drag_log": 0.0252,
    "annualized_simple_net": 0.16768842276744933,
    "precision_directional_hit_rate": 0.5166247337095458,
    "precision_top20_actual_overlap": 0.046875,
    "precision_rmse": 0.1493951722746972,
    "precision_mae": 0.10625162521322168,
    "reliability_ic_stability_cov": 1.2236507035879514
  },
  "annual": {
    "horizon": "annual",
    "horizon_days": 252,
    "n_panels": 61,
    "n_effective": 7.261904761904762,
    "overlap_pct": 88.09523809523809,
    "rebals_per_year": 1.0,
    "mean_ret_per_panel": 0.2328563956656165,
    "sharpe": 4.658496401078063,
    "win_rate": 0.9016393442622951,
    "mdd_per_panel": 0.29913118011677486,
    "mean_alpha_per_panel": 0.1401844251712646,
    "ir": 4.314258716671114,
    "t_stat": 9.72703502588162,
    "effective_t_stat": 3.3561459329388357,
    "is_significant_p05": true,
    "mean_ic": 0.20231906605062333,
    "annualized_simple_gross": 0.2622002088911062,
    "annual_cost_drag_log": 0.006,
    "annualized_simple_net": 0.25464968187038917,
    "precision_directional_hit_rate": 0.6077853994644561,
    "precision_top20_actual_overlap": 0.09180327868852459,
    "precision_rmse": 0.3046216329148653,
    "precision_mae": 0.22192466063379257,
    "reliability_ic_stability_cov": 0.5149083837711551
  },
  "_meta": {
    "tool": "multi_cycle_catboost_dedicated_validation.py",
    "tool_ver": "v0.1",
    "model_family": "catboost",
    "catboost_version": "1.2.10",
    "run_at": "2026-05-29T16:15:08.239158",
    "constitution_ver": "v6.1.0",
    "seed": 5422,
    "horizons": [
      5,
      20,
      60,
      252
    ],
    "n_universe": 910,
    "n_panels_input": 95,
    "source_traceability": "per CLAUDE.md \u00a7\u4e00.10 \u2014 all (b) DB query"
  }
}