{
  "weekly": {
    "horizon": "weekly",
    "horizon_days": 5,
    "n_panels": 65,
    "n_effective": 65.0,
    "overlap_pct": 0.0,
    "rebals_per_year": 50.4,
    "mean_ret_per_panel": 0.00918857284276993,
    "std_ret_per_panel": 0.037116355199726545,
    "sharpe": 0.8575774710143071,
    "win_rate": 0.7384615384615385,
    "mdd_per_panel": 0.10044116361183764,
    "mean_alpha_per_panel": 0.004350623103174826,
    "std_alpha_per_panel": 0.023000997714523286,
    "ir": 0.6552324688527495,
    "t_stat": 1.5249705799218585,
    "effective_t_stat": 1.5249705799218585,
    "is_significant_p05": false,
    "mean_ic": -0.006889725228994101,
    "annualized_simple_gross": 0.5889987029332389,
    "annual_cost_drag_log": 0.3024,
    "annualized_simple_net": 0.17433739722022956,
    "net_sharpe_per_panel": 0.2975922682921481
  },
  "monthly": {
    "horizon": "monthly",
    "horizon_days": 20,
    "n_panels": 65,
    "n_effective": 65.0,
    "overlap_pct": 0.0,
    "rebals_per_year": 12.6,
    "mean_ret_per_panel": 0.02378363223283052,
    "std_ret_per_panel": 0.07402285238805317,
    "sharpe": 1.1130200495338871,
    "win_rate": 0.6153846153846154,
    "mdd_per_panel": 0.3594735340992715,
    "mean_alpha_per_panel": 0.011481158408316415,
    "std_alpha_per_panel": 0.0443976590953974,
    "ir": 0.895810729580208,
    "t_stat": 2.0848860102736353,
    "effective_t_stat": 2.0848860102736353,
    "is_significant_p05": true,
    "mean_ic": 0.013501768356791803,
    "annualized_simple_gross": 0.34941850974213806,
    "annual_cost_drag_log": 0.0756,
    "annualized_simple_net": 0.25116330950430443,
    "net_sharpe_per_panel": 0.8322336569497905
  },
  "quarterly": {
    "horizon": "quarterly",
    "horizon_days": 60,
    "n_panels": 64,
    "n_effective": 32.0,
    "overlap_pct": 50.0,
    "rebals_per_year": 4.2,
    "mean_ret_per_panel": 0.04352511333155876,
    "std_ret_per_panel": 0.0803313475271592,
    "sharpe": 1.8769187874002844,
    "win_rate": 0.796875,
    "mdd_per_panel": 0.37643845364322237,
    "mean_alpha_per_panel": 0.02398660563173545,
    "std_alpha_per_panel": 0.04064019138106362,
    "ir": 2.044577953175782,
    "t_stat": 4.721750526580848,
    "effective_t_stat": 3.3387818164164695,
    "is_significant_p05": true,
    "mean_ic": 0.0862008283667144,
    "annualized_simple_gross": 0.20058084356765238,
    "annual_cost_drag_log": 0.0252,
    "annualized_simple_net": 0.17070423266069068,
    "net_sharpe_per_panel": 1.6181828103422689
  },
  "annual": {
    "horizon": "annual",
    "horizon_days": 252,
    "n_panels": 61,
    "n_effective": 7.261904761904762,
    "overlap_pct": 88.09523809523809,
    "rebals_per_year": 1.0,
    "mean_ret_per_panel": 0.23910186429685013,
    "std_ret_per_panel": 0.17573596975553277,
    "sharpe": 4.713168029546722,
    "win_rate": 0.9180327868852459,
    "mdd_per_panel": 0.31106326458869304,
    "mean_alpha_per_panel": 0.14688538747449073,
    "std_alpha_per_panel": 0.11639586151348771,
    "ir": 4.3715120226294,
    "t_stat": 9.856119753751967,
    "effective_t_stat": 3.400684395409039,
    "is_significant_p05": true,
    "mean_ic": 0.20791978326842048,
    "annualized_simple_gross": 0.2701079086435656,
    "annual_cost_drag_log": 0.006,
    "annualized_simple_net": 0.2625100774786786,
    "net_sharpe_per_panel": 4.5948962282772365
  },
  "_meta": {
    "tool": "multi_cycle_catboost_validation.py",
    "tool_ver": "v0.1",
    "model_family": "catboost",
    "catboost_version": "1.2.10",
    "run_at": "2026-06-01T05:57:28.700216",
    "constitution_ver": "v6.1.0",
    "seed": 5422,
    "horizons": [
      5,
      20,
      60,
      252
    ],
    "n_universe": 914,
    "n_panels_input": 95,
    "source_traceability": "per CLAUDE.md \u00a7\u4e00.10 \u2014 all (b) DB query"
  }
}