{
  "weekly": {
    "horizon": "weekly",
    "horizon_days": 5,
    "n_panels": 66,
    "n_effective": 66.0,
    "overlap_pct": 0.0,
    "rebals_per_year": 50.4,
    "mean_ret_per_panel": 0.003426333637602576,
    "std_ret_per_panel": 0.0316654419853196,
    "sharpe": 0.37483032428609586,
    "win_rate": 0.6666666666666666,
    "mdd_per_panel": 0.2362246364198378,
    "mean_alpha_per_panel": -0.001483731505704662,
    "ir": -0.4436919209863535,
    "t_stat": -1.0405497893503624,
    "effective_t_stat": -1.0405497893503624,
    "is_significant_p05": false,
    "annualized_log_gross": 0.1726872153351698,
    "annualized_simple_net": -0.12165233038425904,
    "annual_cost_drag_log": 0.3024,
    "net_sharpe_per_panel": -0.28155115620808036,
    "rank_ic_mean": 0.003435461651504261,
    "rank_ic_std": 0.08170179154842892,
    "rank_ic_ir": 0.14566128881844054,
    "directional_accuracy": 0.49133885902751645,
    "rmse": 0.05218131577098158,
    "mae": 0.0360302029650257,
    "r2": -0.25518594178906273,
    "calibration_p10_p90_coverage": null
  },
  "monthly": {
    "horizon": "monthly",
    "horizon_days": 20,
    "n_panels": 66,
    "n_effective": 66.0,
    "overlap_pct": 0.0,
    "rebals_per_year": 12.6,
    "mean_ret_per_panel": 0.009389495272882917,
    "std_ret_per_panel": 0.05921103034219676,
    "sharpe": 0.549326123057552,
    "win_rate": 0.6363636363636364,
    "mdd_per_panel": 0.2720255743605495,
    "mean_alpha_per_panel": -0.0029637572096617984,
    "ir": -0.48631469637758223,
    "t_stat": -1.140509058061579,
    "effective_t_stat": -1.140509058061579,
    "is_significant_p05": false,
    "annualized_log_gross": 0.11830764043832476,
    "annualized_simple_net": 0.04363273423574321,
    "annual_cost_drag_log": 0.0756,
    "net_sharpe_per_panel": 0.19830014747991762,
    "rank_ic_mean": -0.02090987442125465,
    "rank_ic_std": 0.08643924167012429,
    "rank_ic_ir": -0.8379750719172605,
    "directional_accuracy": 0.4896169925509204,
    "rmse": 0.1068311191221161,
    "mae": 0.0735767988670204,
    "r2": -0.4166771909537461,
    "calibration_p10_p90_coverage": null
  },
  "quarterly": {
    "horizon": "quarterly",
    "horizon_days": 60,
    "n_panels": 65,
    "n_effective": 32.5,
    "overlap_pct": 50.0,
    "rebals_per_year": 4.2,
    "mean_ret_per_panel": 0.009150977617334315,
    "std_ret_per_panel": 0.09081053959051247,
    "sharpe": 0.34907750231680296,
    "win_rate": 0.5846153846153846,
    "mdd_per_panel": 0.45032591472703065,
    "mean_alpha_per_panel": -0.012271853333724065,
    "ir": -1.3191784783089404,
    "t_stat": -3.0702208219466476,
    "effective_t_stat": -2.1709739629386102,
    "is_significant_p05": true,
    "annualized_log_gross": 0.03843410599280413,
    "annualized_simple_net": 0.013322064362013775,
    "annual_cost_drag_log": 0.0252,
    "net_sharpe_per_panel": 0.12019867630663317,
    "rank_ic_mean": -0.008693859495545849,
    "rank_ic_std": 0.08088513004149872,
    "rank_ic_ir": -0.3723355912866757,
    "directional_accuracy": 0.49833296471675453,
    "rmse": 0.18326333571023565,
    "mae": 0.1275440544526934,
    "r2": -0.46709585376729024,
    "calibration_p10_p90_coverage": null
  },
  "annual": {
    "horizon": "annual",
    "horizon_days": 252,
    "n_panels": 62,
    "n_effective": 7.3809523809523805,
    "overlap_pct": 88.09523809523809,
    "rebals_per_year": 1.0,
    "mean_ret_per_panel": 0.085216980222296,
    "std_ret_per_panel": 0.17023223552308855,
    "sharpe": 1.7341032849514553,
    "win_rate": 0.7096774193548387,
    "mdd_per_panel": 1.0590413286665648,
    "mean_alpha_per_panel": -0.01748702652089997,
    "ir": -0.7796539403241028,
    "t_stat": -1.7721770164851804,
    "effective_t_stat": -0.6114591620672553,
    "is_significant_p05": false,
    "annualized_log_gross": 0.085216980222296,
    "annualized_simple_net": 0.08243916448184518,
    "annual_cost_drag_log": 0.006,
    "net_sharpe_per_panel": 1.612007668765955,
    "rank_ic_mean": 0.006485284899964415,
    "rank_ic_std": 0.075974358905663,
    "rank_ic_ir": 0.2957008946201278,
    "directional_accuracy": 0.4780017718997641,
    "rmse": 0.3917502203654504,
    "mae": 0.27481280119376894,
    "r2": -0.4971738793372489,
    "calibration_p10_p90_coverage": null
  },
  "_meta": {
    "tool": "multi_cycle_timesfm_validation.py",
    "tool_ver": "v0.1",
    "model": "TimesFM zero-shot (Google decoder-only time-series foundation model, transformers-native TimesFmModelForPrediction, checkpoint=google/timesfm-2.0-500m-pytorch)",
    "model_family": "foundation",
    "run_at": "2026-06-04T09:58:34.032226",
    "constitution_ver": "v6.1.0",
    "seed": 5422,
    "horizons": [
      5,
      20,
      60,
      252
    ],
    "n_universe": 397,
    "n_stocks_with_series": 397,
    "n_weeks": 1774,
    "n_panels_input": 96,
    "checkpoint": "google/timesfm-2.0-500m-pytorch",
    "context_weeks": 128,
    "model_horizon_length": 128,
    "freq": 1,
    "smoke": false,
    "zero_shot": true,
    "training": "NONE (zero-shot; no fine-tune, no refit)",
    "deterministic": true,
    "variates": "stocks (per-stock weekly close series \u2192 zero-shot foundation forecast \u2192 log-return score)",
    "common_baseline": "universe latest-committed \u00d7 96 panels \u00d7 [('weekly', 5), ('monthly', 20), ('quarterly', 60), ('annual', 252)] \u00d7 top-20 \u00d7 cost 0.006 \u00d7 T_CZ-6",
    "source_traceability": "per CLAUDE.md \u00a7\u4e00.10 \u2014 series from (b) DB query TaiwanStockPriceAdj/core_universe_*; model = Google external pretrained foundation weights applied zero-shot (not system-trained, not hallucinated)"
  }
}