{
  "weekly": {
    "horizon": "weekly",
    "horizon_days": 5,
    "n_panels": 65,
    "n_effective": 65.0,
    "overlap_pct": 0.0,
    "rebals_per_year": 50.4,
    "mean_ret_per_panel": 0.008598557681831046,
    "std_ret_per_panel": 0.03340521392237127,
    "sharpe": 0.8916655233133645,
    "win_rate": 0.676923076923077,
    "mdd_per_panel": 0.10815145375755472,
    "mean_alpha_per_panel": 0.004163932956995682,
    "std_alpha_per_panel": 0.021086805119054346,
    "ir": 0.6840432583416854,
    "t_stat": 1.592024043300858,
    "effective_t_stat": 1.592024043300858,
    "is_significant_p05": false,
    "mean_ic": 0.03557324526440229,
    "std_ic": 0.1629664749648836,
    "annualized_log_gross": 0.43336730716428473,
    "annualized_simple_gross": 0.5424426669064424,
    "annual_cost_drag_log": 0.3024,
    "annualized_log_net": 0.13096730716428473,
    "annualized_simple_net": 0.1399305131417996,
    "net_sharpe_per_panel": 0.2694689482778968
  },
  "monthly": {
    "horizon": "monthly",
    "horizon_days": 20,
    "n_panels": 65,
    "n_effective": 65.0,
    "overlap_pct": 0.0,
    "rebals_per_year": 12.6,
    "mean_ret_per_panel": 0.01873796189843557,
    "std_ret_per_panel": 0.06664387785526003,
    "sharpe": 0.9739860009007137,
    "win_rate": 0.6461538461538462,
    "mdd_per_panel": 0.26828397545776583,
    "mean_alpha_per_panel": 0.0076319013913820925,
    "std_alpha_per_panel": 0.043602497262085385,
    "ir": 0.6063341229642759,
    "t_stat": 1.4111658733002104,
    "effective_t_stat": 1.4111658733002104,
    "is_significant_p05": false,
    "mean_ic": 0.02094286449347226,
    "std_ic": 0.1513176113621909,
    "annualized_log_gross": 0.23609831992028818,
    "annualized_simple_gross": 0.2662988064442582,
    "annual_cost_drag_log": 0.0756,
    "annualized_log_net": 0.16049831992028818,
    "annualized_simple_net": 0.17409580056442486,
    "net_sharpe_per_panel": 0.6621102463720322
  },
  "quarterly": {
    "horizon": "quarterly",
    "horizon_days": 60,
    "n_panels": 64,
    "n_effective": 32.0,
    "overlap_pct": 50.0,
    "rebals_per_year": 4.2,
    "mean_ret_per_panel": 0.05806521583406733,
    "std_ret_per_panel": 0.07885602259428076,
    "sharpe": 2.5507729319422134,
    "win_rate": 0.796875,
    "mdd_per_panel": 0.18637131599601897,
    "mean_alpha_per_panel": 0.04047644446817528,
    "std_alpha_per_panel": 0.05452171720481268,
    "ir": 2.5717186443434827,
    "t_stat": 5.939129806366757,
    "effective_t_stat": 4.199598960429081,
    "is_significant_p05": true,
    "mean_ic": 0.12365317140871607,
    "std_ic": 0.1286389203624505,
    "annualized_log_gross": 0.2438739065030828,
    "annualized_simple_gross": 0.2761834019157894,
    "annual_cost_drag_log": 0.0252,
    "annualized_log_net": 0.2186739065030828,
    "annualized_simple_net": 0.24442541148204278,
    "net_sharpe_per_panel": 2.2871962385326983
  },
  "annual": {
    "horizon": "annual",
    "horizon_days": 252,
    "n_panels": 61,
    "n_effective": 7.261904761904762,
    "overlap_pct": 88.09523809523809,
    "rebals_per_year": 1.0,
    "mean_ret_per_panel": 0.2660054488490455,
    "std_ret_per_panel": 0.19151088211419545,
    "sharpe": 4.811579868573532,
    "win_rate": 0.9180327868852459,
    "mdd_per_panel": 0.20788336950803554,
    "mean_alpha_per_panel": 0.1825192239932324,
    "std_alpha_per_panel": 0.1372788576284748,
    "ir": 4.605699301051726,
    "t_stat": 10.384124217422038,
    "effective_t_stat": 3.5828632431879126,
    "is_significant_p05": true,
    "mean_ic": 0.24151980363275694,
    "std_ic": 0.1108584040498984,
    "annualized_log_gross": 0.2660054488490455,
    "annualized_simple_gross": 0.3047421680106759,
    "annual_cost_drag_log": 0.006,
    "annualized_log_net": 0.2600054488490455,
    "annualized_simple_net": 0.29693715346128946,
    "net_sharpe_per_panel": 4.703050215003073
  },
  "_meta": {
    "tool": "multi_cycle_validation.py",
    "tool_ver": "v0.1",
    "run_at": "2026-05-28T16:30:42.602136",
    "constitution_ver": "v6.1.0",
    "seed": 5422,
    "horizons": [
      5,
      20,
      60,
      252
    ],
    "n_universe": 1121,
    "n_panels_input": 95,
    "source_traceability": "per CLAUDE.md \u00a7\u4e00.10 \u2014 all data from (b) DB query"
  }
}