{
  "weekly": {
    "horizon": "weekly",
    "horizon_days": 5,
    "n_panels": 65,
    "n_effective": 65.0,
    "overlap_pct": 0.0,
    "rebals_per_year": 50.4,
    "mean_ret_per_panel": 0.011724660197888846,
    "sharpe": 1.241135420195988,
    "win_rate": 0.7384615384615385,
    "mdd_per_panel": 0.09687125966842569,
    "mean_alpha_per_panel": 0.006876896907475799,
    "ir": 1.1295220747393413,
    "t_stat": 2.6288195643993473,
    "effective_t_stat": 2.6288195643993473,
    "is_significant_p05": true,
    "mean_ic": 0.03242076156967402,
    "annualized_simple_gross": 0.8056540378166726,
    "annual_cost_drag_log": 0.3024,
    "annualized_simple_net": 0.3344548734593391,
    "precision_directional_hit_rate": 0.5323814094115286,
    "precision_top20_actual_overlap": 0.0646153846153846,
    "precision_rmse": 0.04530753920506825,
    "precision_mae": 0.03059940800957893,
    "reliability_ic_stability_cov": 5.383884010934857
  },
  "monthly": {
    "horizon": "monthly",
    "horizon_days": 20,
    "n_panels": 65,
    "n_effective": 65.0,
    "overlap_pct": 0.0,
    "rebals_per_year": 12.6,
    "mean_ret_per_panel": 0.021979616079185655,
    "sharpe": 1.1896846240440158,
    "win_rate": 0.676923076923077,
    "mdd_per_panel": 0.24709551394740864,
    "mean_alpha_per_panel": 0.009654776281154864,
    "ir": 0.8678234411877859,
    "t_stat": 2.01974914139264,
    "effective_t_stat": 2.01974914139264,
    "is_significant_p05": true,
    "mean_ic": 0.02326294820445709,
    "annualized_simple_gross": 0.31909139517601615,
    "annual_cost_drag_log": 0.0756,
    "annualized_simple_net": 0.2230444029128158,
    "precision_directional_hit_rate": 0.47630325667378526,
    "precision_top20_actual_overlap": 0.06692307692307693,
    "precision_rmse": 0.09006796914002373,
    "precision_mae": 0.06392289407379521,
    "reliability_ic_stability_cov": 6.686964918968688
  },
  "quarterly": {
    "horizon": "quarterly",
    "horizon_days": 60,
    "n_panels": 64,
    "n_effective": 32.0,
    "overlap_pct": 50.0,
    "rebals_per_year": 4.2,
    "mean_ret_per_panel": 0.05472665325817788,
    "sharpe": 2.6430102100729878,
    "win_rate": 0.796875,
    "mdd_per_panel": 0.18792452447764085,
    "mean_alpha_per_panel": 0.03517829149424685,
    "ir": 2.8615551906762344,
    "t_stat": 6.6084786385515795,
    "effective_t_stat": 4.672900058646266,
    "is_significant_p05": true,
    "mean_ic": 0.10946574588631028,
    "annualized_simple_gross": 0.2584136800431256,
    "annual_cost_drag_log": 0.0252,
    "annualized_simple_net": 0.22709789145622583,
    "precision_directional_hit_rate": 0.521162950689581,
    "precision_top20_actual_overlap": 0.04921875,
    "precision_rmse": 0.15448800665524776,
    "precision_mae": 0.11298635161713844,
    "reliability_ic_stability_cov": 1.1412349194462543
  },
  "annual": {
    "horizon": "annual",
    "horizon_days": 252,
    "n_panels": 61,
    "n_effective": 7.261904761904762,
    "overlap_pct": 88.09523809523809,
    "rebals_per_year": 1.0,
    "mean_ret_per_panel": 0.2485454961303689,
    "sharpe": 4.66481545435957,
    "win_rate": 0.9180327868852459,
    "mdd_per_panel": 0.15676048067344706,
    "mean_alpha_per_panel": 0.15587352563601695,
    "ir": 4.587797682414369,
    "t_stat": 10.34376278271422,
    "effective_t_stat": 3.5689372251791576,
    "is_significant_p05": true,
    "mean_ic": 0.2104226892985847,
    "annualized_simple_gross": 0.2821591543223998,
    "annual_cost_drag_log": 0.006,
    "annualized_simple_net": 0.2744892321726671,
    "precision_directional_hit_rate": 0.6117055478833203,
    "precision_top20_actual_overlap": 0.0959016393442623,
    "precision_rmse": 0.30395077342169813,
    "precision_mae": 0.222606668305718,
    "reliability_ic_stability_cov": 0.6671578810010307
  },
  "_meta": {
    "tool": "multi_cycle_catboost_dedicated_validation.py",
    "tool_ver": "v0.1",
    "model_family": "catboost",
    "catboost_version": "1.2.10",
    "run_at": "2026-05-29T15:02:53.628320",
    "constitution_ver": "v6.1.0",
    "seed": 5422,
    "horizons": [
      5,
      20,
      60,
      252
    ],
    "n_universe": 910,
    "n_panels_input": 95,
    "source_traceability": "per CLAUDE.md \u00a7\u4e00.10 \u2014 all (b) DB query"
  }
}