{
  "weekly": {
    "horizon": "weekly",
    "horizon_days": 5,
    "n_panels": 65,
    "n_effective": 65.0,
    "overlap_pct": 0.0,
    "rebals_per_year": 50.4,
    "mean_ret_per_panel": 0.00675867095882128,
    "std_ret_per_panel": 0.035824870600170165,
    "sharpe": 0.6535326601996497,
    "win_rate": 0.6461538461538462,
    "mdd_per_panel": 0.1463421532045554,
    "mean_alpha_per_panel": 0.0014270635728416928,
    "std_alpha_per_panel": 0.017859957463940722,
    "ir": 0.2767919933497088,
    "t_stat": 0.6441983062214385,
    "effective_t_stat": 0.6441983062214385,
    "is_significant_p05": false,
    "mean_ic": -0.009587737881669231,
    "std_ic": 0.1027042048475617,
    "annualized_log_gross": 0.3406370163245925,
    "annualized_simple_gross": 0.40584285023121724,
    "annual_cost_drag_log": 0.3024,
    "annualized_log_net": 0.03823701632459248,
    "annualized_simple_net": 0.038977458316125535,
    "net_sharpe_per_panel": 0.07336002195632269
  },
  "monthly": {
    "horizon": "monthly",
    "horizon_days": 20,
    "n_panels": 65,
    "n_effective": 65.0,
    "overlap_pct": 0.0,
    "rebals_per_year": 12.6,
    "mean_ret_per_panel": 0.02104417463022268,
    "std_ret_per_panel": 0.06553475391677789,
    "sharpe": 1.1123740453556819,
    "win_rate": 0.5692307692307692,
    "mdd_per_panel": 0.2927004525308138,
    "mean_alpha_per_panel": 0.007561349419525817,
    "std_alpha_per_panel": 0.028555080798461432,
    "ir": 0.9172897433444355,
    "t_stat": 2.1348756942914835,
    "effective_t_stat": 2.1348756942914835,
    "is_significant_p05": true,
    "mean_ic": 0.019501107398050607,
    "std_ic": 0.09324209441469782,
    "annualized_log_gross": 0.26515660034080574,
    "annualized_simple_gross": 0.30363510949668027,
    "annual_cost_drag_log": 0.0756,
    "annualized_log_net": 0.18955660034080574,
    "annualized_simple_net": 0.20871353565140738,
    "net_sharpe_per_panel": 0.7952200400591829
  },
  "quarterly": {
    "horizon": "quarterly",
    "horizon_days": 60,
    "n_panels": 64,
    "n_effective": 32.0,
    "overlap_pct": 50.0,
    "rebals_per_year": 4.2,
    "mean_ret_per_panel": 0.0596229116335836,
    "std_ret_per_panel": 0.08585304801447455,
    "sharpe": 2.405736654268706,
    "win_rate": 0.78125,
    "mdd_per_panel": 0.25029129888593105,
    "mean_alpha_per_panel": 0.037052522081284595,
    "std_alpha_per_panel": 0.04431170555818986,
    "ir": 2.896609371493317,
    "t_stat": 6.689432801475438,
    "effective_t_stat": 4.730143296215006,
    "is_significant_p05": true,
    "mean_ic": 0.1003426777585848,
    "std_ic": 0.10226166390158765,
    "annualized_log_gross": 0.25041622886105114,
    "annualized_simple_gross": 0.28455997636635577,
    "annual_cost_drag_log": 0.0252,
    "annualized_log_net": 0.22521622886105114,
    "annualized_simple_net": 0.25259353378468963,
    "net_sharpe_per_panel": 2.1636414675337834
  },
  "annual": {
    "horizon": "annual",
    "horizon_days": 252,
    "n_panels": 61,
    "n_effective": 7.261904761904762,
    "overlap_pct": 88.09523809523809,
    "rebals_per_year": 1.0,
    "mean_ret_per_panel": 0.2985418423620608,
    "std_ret_per_panel": 0.2122359150763235,
    "sharpe": 4.872781677600174,
    "win_rate": 0.9016393442622951,
    "mdd_per_panel": 0.5222113729029108,
    "mean_alpha_per_panel": 0.1928010640694162,
    "std_alpha_per_panel": 0.12064773059496894,
    "ir": 5.535806385661043,
    "t_stat": 12.48116678810873,
    "effective_t_stat": 4.306411670440733,
    "is_significant_p05": true,
    "mean_ic": 0.2658869421492533,
    "std_ic": 0.12408909808612034,
    "annualized_log_gross": 0.2985418423620608,
    "annualized_simple_gross": 0.3478919349992329,
    "annual_cost_drag_log": 0.006,
    "annualized_log_net": 0.2925418423620608,
    "annualized_simple_net": 0.3398287969926568,
    "net_sharpe_per_panel": 4.774850044853888
  },
  "_meta": {
    "tool": "multi_cycle_validation.py",
    "tool_ver": "v0.1",
    "run_at": "2026-06-03T20:11:04.667376",
    "constitution_ver": "v6.1.0",
    "seed": 5422,
    "horizons": [
      5,
      20,
      60,
      252
    ],
    "n_universe": 397,
    "n_panels_input": 95,
    "source_traceability": "per CLAUDE.md \u00a7\u4e00.10 \u2014 all data from (b) DB query"
  }
}