{
  "weekly": {
    "horizon": "weekly",
    "horizon_days": 5,
    "n_panels": 65,
    "n_effective": 65.0,
    "overlap_pct": 0.0,
    "rebals_per_year": 50.4,
    "mean_ret_per_panel": 0.008019338651151849,
    "sharpe": 0.808578392410909,
    "win_rate": 0.6461538461538462,
    "mdd_per_panel": 0.15854629659560585,
    "mean_alpha_per_panel": 0.0026877312651722627,
    "ir": 0.618970993294354,
    "t_stat": 1.4405765884154091,
    "effective_t_stat": 1.4405765884154091,
    "is_significant_p05": false,
    "mean_ic": -0.0060816562487757036,
    "annualized_simple_gross": 0.4980655882545044,
    "annual_cost_drag_log": 0.3024,
    "annualized_simple_net": 0.10713397092678445,
    "precision_directional_hit_rate": 0.4897622579483482,
    "precision_top20_actual_overlap": 0.08461538461538462,
    "precision_rmse": 0.0458401840061544,
    "precision_mae": 0.0326865253692216,
    "reliability_ic_stability_cov": 19.11778407658016
  },
  "monthly": {
    "horizon": "monthly",
    "horizon_days": 20,
    "n_panels": 65,
    "n_effective": 65.0,
    "overlap_pct": 0.0,
    "rebals_per_year": 12.6,
    "mean_ret_per_panel": 0.024075879414289677,
    "sharpe": 1.1549685241701417,
    "win_rate": 0.5538461538461539,
    "mdd_per_panel": 0.29719558536441226,
    "mean_alpha_per_panel": 0.010593054203592814,
    "ir": 1.0467320579192485,
    "t_stat": 2.4361362863821063,
    "effective_t_stat": 2.4361362863821063,
    "is_significant_p05": true,
    "mean_ic": 0.021306308020470337,
    "annualized_simple_gross": 0.3543966529881848,
    "annual_cost_drag_log": 0.0756,
    "annualized_simple_net": 0.25577897924200554,
    "precision_directional_hit_rate": 0.5031814605721153,
    "precision_top20_actual_overlap": 0.10230769230769231,
    "precision_rmse": 0.08816640461687782,
    "precision_mae": 0.06402394108984863,
    "reliability_ic_stability_cov": 4.640605960660482
  },
  "quarterly": {
    "horizon": "quarterly",
    "horizon_days": 60,
    "n_panels": 64,
    "n_effective": 32.0,
    "overlap_pct": 50.0,
    "rebals_per_year": 4.2,
    "mean_ret_per_panel": 0.048595650319410766,
    "sharpe": 1.8618935799619236,
    "win_rate": 0.703125,
    "mdd_per_panel": 0.2961306684146965,
    "mean_alpha_per_panel": 0.026025260767111754,
    "ir": 2.301715065226946,
    "t_stat": 5.3155832500263775,
    "effective_t_stat": 3.758684962055279,
    "is_significant_p05": true,
    "mean_ic": 0.07872892290151773,
    "annualized_simple_gross": 0.2264229127583297,
    "annual_cost_drag_log": 0.0252,
    "annualized_simple_net": 0.19590321858848125,
    "precision_directional_hit_rate": 0.5234138599366439,
    "precision_top20_actual_overlap": 0.08515625,
    "precision_rmse": 0.14998319421928752,
    "precision_mae": 0.11006594248001396,
    "reliability_ic_stability_cov": 1.3593179635747823
  },
  "annual": {
    "horizon": "annual",
    "horizon_days": 252,
    "n_panels": 61,
    "n_effective": 7.261904761904762,
    "overlap_pct": 88.09523809523809,
    "rebals_per_year": 1.0,
    "mean_ret_per_panel": 0.27604106203021805,
    "sharpe": 4.67512052443064,
    "win_rate": 0.9016393442622951,
    "mdd_per_panel": 0.48103671916875257,
    "mean_alpha_per_panel": 0.17030028373757336,
    "ir": 4.905718813948582,
    "t_stat": 11.060555674608132,
    "effective_t_stat": 3.8162542691178554,
    "is_significant_p05": true,
    "mean_ic": 0.22926491267162813,
    "annualized_simple_gross": 0.3179019786471393,
    "annual_cost_drag_log": 0.006,
    "annualized_simple_net": 0.31001824163748215,
    "precision_directional_hit_rate": 0.6297370612302641,
    "precision_top20_actual_overlap": 0.13852459016393442,
    "precision_rmse": 0.3008719379114598,
    "precision_mae": 0.2222968049532267,
    "reliability_ic_stability_cov": 0.5309445914399338
  },
  "_meta": {
    "tool": "multi_cycle_catboost_dedicated_validation.py",
    "tool_ver": "v0.1",
    "model_family": "catboost",
    "catboost_version": "1.2.10",
    "run_at": "2026-06-01T15:21:50.308025",
    "constitution_ver": "v6.1.0",
    "seed": 5422,
    "horizons": [
      5,
      20,
      60,
      252
    ],
    "n_universe": 397,
    "n_panels_input": 95,
    "source_traceability": "per CLAUDE.md \u00a7\u4e00.10 \u2014 all (b) DB query"
  }
}