{
  "weekly": {
    "horizon": "weekly",
    "horizon_days": 5,
    "n_panels": 65,
    "n_effective": 65.0,
    "overlap_pct": 0.0,
    "rebals_per_year": 50.4,
    "mean_ret_per_panel": 0.007328112870716067,
    "sharpe": 0.701767537636184,
    "win_rate": 0.6923076923076923,
    "mdd_per_panel": 0.14785936685635043,
    "mean_alpha_per_panel": 0.002772076012424264,
    "ir": 0.3948104714603646,
    "t_stat": 0.9188713658776864,
    "effective_t_stat": 0.9188713658776864,
    "is_significant_p05": false,
    "mean_ic": -0.010355416171538052,
    "annualized_simple_gross": 0.44677492368404637,
    "annual_cost_drag_log": 0.3024,
    "annualized_simple_net": 0.06922799565935334,
    "precision_directional_hit_rate": 0.48543719868549545,
    "precision_top20_actual_overlap": 0.06076923076923076,
    "precision_rmse": 0.04297233848682285,
    "precision_mae": 0.028404073833670128,
    "reliability_ensemble_disagreement": 0.0016732434670114634,
    "reliability_ic_stability_cov": 11.325306327111909
  },
  "monthly": {
    "horizon": "monthly",
    "horizon_days": 20,
    "n_panels": 65,
    "n_effective": 65.0,
    "overlap_pct": 0.0,
    "rebals_per_year": 12.6,
    "mean_ret_per_panel": 0.020510350424430883,
    "sharpe": 1.1034051438836594,
    "win_rate": 0.6307692307692307,
    "mdd_per_panel": 0.273925030446022,
    "mean_alpha_per_panel": 0.009326275814554773,
    "ir": 0.8477646860662974,
    "t_stat": 1.9730649294766993,
    "effective_t_stat": 1.9730649294766993,
    "is_significant_p05": false,
    "mean_ic": 0.01611652582435508,
    "annualized_simple_gross": 0.29489604182717155,
    "annual_cost_drag_log": 0.0756,
    "annualized_simple_net": 0.200610785653222,
    "precision_directional_hit_rate": 0.49726186263346145,
    "precision_top20_actual_overlap": 0.057692307692307696,
    "precision_rmse": 0.08208480194521006,
    "precision_mae": 0.05581288730287204,
    "reliability_ensemble_disagreement": 0.003604646465549913,
    "reliability_ic_stability_cov": 5.4950847943695615
  },
  "quarterly": {
    "horizon": "quarterly",
    "horizon_days": 60,
    "n_panels": 64,
    "n_effective": 32.0,
    "overlap_pct": 50.0,
    "rebals_per_year": 4.2,
    "mean_ret_per_panel": 0.045427827437287786,
    "sharpe": 1.9643436565749925,
    "win_rate": 0.765625,
    "mdd_per_panel": 0.26394346541721325,
    "mean_alpha_per_panel": 0.02747409596348736,
    "ir": 2.0249424403344447,
    "t_stat": 4.676404252082357,
    "effective_t_stat": 3.3067171582170403,
    "is_significant_p05": true,
    "mean_ic": 0.10130639293869566,
    "annualized_simple_gross": 0.21021360276138856,
    "annual_cost_drag_log": 0.0252,
    "annualized_simple_net": 0.1800972793853053,
    "precision_directional_hit_rate": 0.5211390329821373,
    "precision_top20_actual_overlap": 0.0453125,
    "precision_rmse": 0.1405238755108773,
    "precision_mae": 0.0979521264472773,
    "reliability_ensemble_disagreement": 0.007032657489242648,
    "reliability_ic_stability_cov": 0.9257363639139393
  },
  "annual": {
    "horizon": "annual",
    "horizon_days": 252,
    "n_panels": 60,
    "n_effective": 7.142857142857142,
    "overlap_pct": 88.09523809523809,
    "rebals_per_year": 1.0,
    "mean_ret_per_panel": 0.2600695268687277,
    "sharpe": 4.84081993856437,
    "win_rate": 0.9,
    "mdd_per_panel": 0.20155594155785117,
    "mean_alpha_per_panel": 0.1770346035580996,
    "ir": 4.671627719049517,
    "t_stat": 10.446077145367008,
    "effective_t_stat": 3.6042390341255337,
    "is_significant_p05": true,
    "mean_ic": 0.24070528151315287,
    "annualized_simple_gross": 0.29702026128839965,
    "annual_cost_drag_log": 0.006,
    "annualized_simple_net": 0.2892614394625981,
    "precision_directional_hit_rate": 0.6229938397187544,
    "precision_top20_actual_overlap": 0.08000000000000002,
    "precision_rmse": 0.2792533418407691,
    "precision_mae": 0.19902194370246903,
    "reliability_ensemble_disagreement": 0.015406076544473795,
    "reliability_ic_stability_cov": 0.3848691301659401
  },
  "_meta": {
    "tool": "multi_cycle_ensemble_validation.py",
    "tool_ver": "v0.1",
    "model_family": "ensemble_tree",
    "members": [
      "lgbm",
      "xgboost",
      "catboost"
    ],
    "run_at": "2026-05-29T18:21:09.536782",
    "constitution_ver": "v6.1.0",
    "seed": 5422,
    "horizons": [
      5,
      20,
      60,
      252
    ],
    "n_universe": 1002,
    "n_panels_input": 95,
    "source_traceability": "per CLAUDE.md \u00a7\u4e00.10 \u2014 all (b) DB query"
  }
}