{
  "weekly": {
    "horizon": "weekly",
    "horizon_days": 5,
    "n_panels": 65,
    "n_effective": 65.0,
    "overlap_pct": 0.0,
    "rebals_per_year": 50.4,
    "mean_ret_per_panel": 0.0058857046980681695,
    "sharpe": 0.5990842243535512,
    "win_rate": 0.6923076923076923,
    "mdd_per_panel": 0.16632060638219787,
    "mean_alpha_per_panel": 0.0005540973120885832,
    "ir": 0.12127886787501638,
    "t_stat": 0.2822612038738777,
    "effective_t_stat": 0.2822612038738777,
    "is_significant_p05": false,
    "mean_ic": -0.010778732821834537,
    "annualized_simple_gross": 0.34533024305157234,
    "annual_cost_drag_log": 0.3024,
    "annualized_simple_net": -0.005743923446600907,
    "precision_directional_hit_rate": 0.4823576460076055,
    "precision_top20_actual_overlap": 0.0823076923076923,
    "precision_rmse": 0.04654854134367301,
    "precision_mae": 0.03320144103187547,
    "reliability_ic_stability_cov": 9.560580399041783
  },
  "monthly": {
    "horizon": "monthly",
    "horizon_days": 20,
    "n_panels": 65,
    "n_effective": 65.0,
    "overlap_pct": 0.0,
    "rebals_per_year": 12.6,
    "mean_ret_per_panel": 0.019695353383016895,
    "sharpe": 1.0317971753678774,
    "win_rate": 0.5538461538461539,
    "mdd_per_panel": 0.27956298473180174,
    "mean_alpha_per_panel": 0.006212528172320031,
    "ir": 0.7141542947347744,
    "t_stat": 1.6621036666608173,
    "effective_t_stat": 1.6621036666608173,
    "is_significant_p05": false,
    "mean_ic": 0.018085385630759725,
    "annualized_simple_gross": 0.28166684396797925,
    "annual_cost_drag_log": 0.0756,
    "annualized_simple_net": 0.18834484528253803,
    "precision_directional_hit_rate": 0.5021731032882698,
    "precision_top20_actual_overlap": 0.08923076923076922,
    "precision_rmse": 0.08942353736281726,
    "precision_mae": 0.06501245457551802,
    "reliability_ic_stability_cov": 4.957126423313706
  },
  "quarterly": {
    "horizon": "quarterly",
    "horizon_days": 60,
    "n_panels": 64,
    "n_effective": 32.0,
    "overlap_pct": 50.0,
    "rebals_per_year": 4.2,
    "mean_ret_per_panel": 0.05214746300286315,
    "sharpe": 1.9855384177899147,
    "win_rate": 0.6875,
    "mdd_per_panel": 0.2783074527661009,
    "mean_alpha_per_panel": 0.029577073450564137,
    "ir": 2.2514862575770835,
    "t_stat": 5.199584787555489,
    "effective_t_stat": 3.6766616626349005,
    "is_significant_p05": true,
    "mean_ic": 0.09298345754195841,
    "annualized_simple_gross": 0.24485535769853373,
    "annual_cost_drag_log": 0.0252,
    "annualized_simple_net": 0.21387696973185122,
    "precision_directional_hit_rate": 0.5268410891727182,
    "precision_top20_actual_overlap": 0.0984375,
    "precision_rmse": 0.15150255769668886,
    "precision_mae": 0.1113216364361383,
    "reliability_ic_stability_cov": 1.0761017235067016
  },
  "annual": {
    "horizon": "annual",
    "horizon_days": 252,
    "n_panels": 61,
    "n_effective": 7.261904761904762,
    "overlap_pct": 88.09523809523809,
    "rebals_per_year": 1.0,
    "mean_ret_per_panel": 0.3056137202411309,
    "sharpe": 4.920882620988975,
    "win_rate": 0.9016393442622951,
    "mdd_per_panel": 0.3991270838002592,
    "mean_alpha_per_panel": 0.19987294194848618,
    "ir": 5.7511023978470055,
    "t_stat": 12.966578532975381,
    "effective_t_stat": 4.4738946340571095,
    "is_significant_p05": true,
    "mean_ic": 0.26797691762089837,
    "annualized_simple_gross": 0.3574578467705902,
    "annual_cost_drag_log": 0.006,
    "annualized_simple_net": 0.34933748513594076,
    "precision_directional_hit_rate": 0.6399947590248815,
    "precision_top20_actual_overlap": 0.15491803278688526,
    "precision_rmse": 0.2971424978232338,
    "precision_mae": 0.21930326391882227,
    "reliability_ic_stability_cov": 0.46608352740949544
  },
  "_meta": {
    "tool": "multi_cycle_lightgbm_validation.py",
    "tool_ver": "v0.2",
    "model_family": "lightgbm",
    "lightgbm_version": "4.6.0",
    "run_at": "2026-06-03T20:21:36.543418",
    "constitution_ver": "v6.1.0",
    "seed": 5422,
    "horizons": [
      5,
      20,
      60,
      252
    ],
    "n_universe": 397,
    "n_panels_input": 96,
    "source_traceability": "per CLAUDE.md \u00a7\u4e00.10 \u2014 all (b) DB query"
  }
}