{
  "weekly": {
    "horizon": "weekly",
    "horizon_days": 5,
    "n_panels": 65,
    "rebals_per_year": 50.4,
    "mean_ret_per_panel": 0.008342826422261562,
    "std_ret_per_panel": 0.029640664776884974,
    "sharpe": 0.9750253140984863,
    "win_rate": 0.6461538461538462,
    "mdd_per_panel": 0.10689443687842681,
    "mean_alpha_per_panel": 0.003908201697426199,
    "std_alpha_per_panel": 0.018907030437250467,
    "ir": 0.7160515162478903,
    "t_stat": 1.6665192094317096,
    "mean_ic": 0.0377539875518499,
    "std_ic": 0.1568573717508062,
    "annualized_log_gross": 0.4204784516819827,
    "annualized_simple_gross": 0.5226899149133029,
    "annual_cost_drag_log": 0.3024,
    "annualized_log_net": 0.11807845168198272,
    "annualized_simple_net": 0.12533239212336178,
    "net_sharpe_per_panel": 0.2738058965422637
  },
  "monthly": {
    "horizon": "monthly",
    "horizon_days": 20,
    "n_panels": 65,
    "rebals_per_year": 12.6,
    "mean_ret_per_panel": 0.019132971542924548,
    "std_ret_per_panel": 0.06630428778628297,
    "sharpe": 0.999611938188126,
    "win_rate": 0.6461538461538462,
    "mdd_per_panel": 0.3050167113338756,
    "mean_alpha_per_panel": 0.008026911035871068,
    "std_alpha_per_panel": 0.04143673686835757,
    "ir": 0.671047905443578,
    "t_stat": 1.5617790054137475,
    "mean_ic": 0.023522912876875218,
    "std_ic": 0.15070760039306882,
    "annualized_log_gross": 0.2410754414408493,
    "annualized_simple_gross": 0.272617039749955,
    "annual_cost_drag_log": 0.0756,
    "annualized_log_net": 0.1654754414408493,
    "annualized_simple_net": 0.17995398439390753,
    "net_sharpe_per_panel": 0.68613885243806
  },
  "quarterly": {
    "horizon": "quarterly",
    "horizon_days": 60,
    "n_panels": 64,
    "rebals_per_year": 4.2,
    "mean_ret_per_panel": 0.05806773762481267,
    "std_ret_per_panel": 0.07627931943230686,
    "sharpe": 2.637052155034226,
    "win_rate": 0.796875,
    "mdd_per_panel": 0.1690028986264751,
    "mean_alpha_per_panel": 0.04047896625892061,
    "std_alpha_per_panel": 0.053072162450253715,
    "ir": 2.6421243439641153,
    "t_stat": 6.101724804880582,
    "mean_ic": 0.1210794328279451,
    "std_ic": 0.12460174610397393,
    "annualized_log_gross": 0.24388449802421322,
    "annualized_simple_gross": 0.2761969187108386,
    "annual_cost_drag_log": 0.0252,
    "annualized_log_net": 0.21868449802421322,
    "annualized_simple_net": 0.24443859190988415,
    "net_sharpe_per_panel": 2.3645718832448113
  },
  "annual": {
    "horizon": "annual",
    "horizon_days": 252,
    "n_panels": 61,
    "rebals_per_year": 1.0,
    "mean_ret_per_panel": 0.27023174094315094,
    "std_ret_per_panel": 0.1875195889659259,
    "sharpe": 4.992066244517828,
    "win_rate": 0.9180327868852459,
    "mdd_per_panel": 0.22265129685752338,
    "mean_alpha_per_panel": 0.1867455160873379,
    "std_alpha_per_panel": 0.13210107365626111,
    "ir": 4.897049100306231,
    "t_stat": 11.041008722558725,
    "mean_ic": 0.24637796526455982,
    "std_ic": 0.09715273526946432,
    "annualized_log_gross": 0.27023174094315094,
    "annualized_simple_gross": 0.3102680583083486,
    "annual_cost_drag_log": 0.006,
    "annualized_log_net": 0.26423174094315094,
    "annualized_simple_net": 0.30242998768456775,
    "net_sharpe_per_panel": 4.881226572751037
  },
  "_meta": {
    "tool": "multi_cycle_validation.py",
    "tool_ver": "v0.1",
    "run_at": "2026-05-28T16:25:01.882761",
    "constitution_ver": "v6.1.0",
    "seed": 5422,
    "horizons": [
      5,
      20,
      60,
      252
    ],
    "n_universe": 1121,
    "n_panels_input": 95,
    "source_traceability": "per CLAUDE.md \u00a7\u4e00.10 \u2014 all data from (b) DB query"
  }
}