{
  "weekly": {
    "horizon": "weekly",
    "horizon_days": 5,
    "n_panels": 65,
    "mean_ret": 0.012299455490729944,
    "std_ret": 0.030882056528758303,
    "sharpe": 1.3796543501264562,
    "win_rate": 0.7692307692307693,
    "mdd": 0.08903922037175843,
    "mean_alpha": 0.00786483076589458,
    "std_alpha": 0.018354084431440057,
    "ir": 1.4843874703034106,
    "t_stat": 3.4547238255466275,
    "cum_log": 0.7994646068974464,
    "cum_simple": 1.224349708143936,
    "mean_ic": 0.04044028903318765,
    "std_ic": 0.16002676713419725,
    "net_mean_ret": 0.0062994554907299435,
    "net_sharpe": 0.706622433632447,
    "net_cum_log": 0.40946460689744635,
    "net_annual_simple": 0.0785240282141193
  },
  "monthly": {
    "horizon": "monthly",
    "horizon_days": 20,
    "n_panels": 65,
    "mean_ret": 0.022680969776914413,
    "std_ret": 0.06182844599393139,
    "sharpe": 1.2707610999120302,
    "win_rate": 0.6307692307692307,
    "mdd": 0.22549443786060824,
    "mean_alpha": 0.011574909269860933,
    "std_alpha": 0.03986126519229631,
    "ir": 1.0059053997249292,
    "t_stat": 2.34111741051371,
    "cum_log": 1.4742630354994368,
    "cum_simple": 3.367815661434088,
    "mean_ic": 0.022540651072816203,
    "std_ic": 0.1544085996393138,
    "net_mean_ret": 0.01668096977691441,
    "net_sharpe": 0.9345952889054494,
    "net_cum_log": 1.0842630354994367,
    "net_annual_simple": 0.22161241445175972
  },
  "quarterly": {
    "horizon": "quarterly",
    "horizon_days": 60,
    "n_panels": 64,
    "mean_ret": 0.05018558162749925,
    "std_ret": 0.07749789899683683,
    "sharpe": 2.243260225410028,
    "win_rate": 0.84375,
    "mdd": 0.22108515408368573,
    "mean_alpha": 0.0325968102616072,
    "std_alpha": 0.0539589095861893,
    "ir": 2.0926787427979043,
    "t_stat": 4.832834541927111,
    "cum_log": 3.2118772241599522,
    "cum_simple": 23.825645811627982,
    "mean_ic": 0.11926829128382459,
    "std_ic": 0.12632577455141836,
    "net_mean_ret": 0.04418558162749925,
    "net_sharpe": 1.975064442558226,
    "net_cum_log": 2.827877224159952,
    "net_annual_simple": 0.6993179752430061
  },
  "annual": {
    "horizon": "annual",
    "horizon_days": 252,
    "n_panels": 61,
    "mean_ret": 0.25993689398658554,
    "std_ret": 0.19796221609953316,
    "sharpe": 4.5485842300335095,
    "win_rate": 0.9016393442622951,
    "mdd": 0.1942059810788095,
    "mean_alpha": 0.17645066913077245,
    "std_alpha": 0.1413307272710752,
    "ir": 4.324912633865315,
    "t_stat": 9.751055612618892,
    "cum_log": 15.856150533181717,
    "cum_simple": 7695531.573424128,
    "mean_ic": 0.24820198954555114,
    "std_ic": 0.0971363182506749,
    "net_mean_ret": 0.2539368939865855,
    "net_sharpe": 4.443591418272014,
    "net_cum_log": 15.490150533181717,
    "net_annual_simple": 20.05720386270321
  },
  "_meta": {
    "tool": "multi_cycle_validation.py",
    "tool_ver": "v0.1",
    "run_at": "2026-05-28T16:19:43.220698",
    "constitution_ver": "v6.1.0",
    "seed": 5422,
    "horizons": [
      5,
      20,
      60,
      252
    ],
    "n_universe": 1121,
    "n_panels_input": 95,
    "source_traceability": "per CLAUDE.md \u00a7\u4e00.10 \u2014 all data from (b) DB query"
  }
}