{
  "weekly": {
    "horizon": "weekly",
    "horizon_days": 5,
    "n_panels": 65,
    "n_effective": 65.0,
    "overlap_pct": 0.0,
    "rebals_per_year": 50.4,
    "mean_ret_per_panel": 0.0028392821322213444,
    "sharpe": 0.3107193149415525,
    "win_rate": 0.5846153846153846,
    "mdd_per_panel": 0.199241314555307,
    "mean_alpha_per_panel": -0.0019986676073737567,
    "ir": -0.3559662936659139,
    "t_stat": -0.8284664620402616,
    "effective_t_stat": -0.8284664620402616,
    "is_significant_p05": false,
    "mean_ic": -0.05902195496014735,
    "annualized_simple_gross": 0.15384497210439263,
    "annual_cost_drag_log": 0.3024,
    "annualized_simple_net": -0.14725965550794373,
    "precision_directional_hit_rate": 0.5116692439584872,
    "precision_top20_actual_overlap": 0.046153846153846156,
    "precision_rmse": 0.04475322013281141,
    "precision_mae": 0.030214273433313434,
    "reliability_ic_stability_cov": 2.2904758538153827
  },
  "monthly": {
    "horizon": "monthly",
    "horizon_days": 20,
    "n_panels": 65,
    "n_effective": 65.0,
    "overlap_pct": 0.0,
    "rebals_per_year": 12.6,
    "mean_ret_per_panel": 0.02190566791798215,
    "sharpe": 1.1734098868614902,
    "win_rate": 0.6615384615384615,
    "mdd_per_panel": 0.18220935859885123,
    "mean_alpha_per_panel": 0.009603194093468048,
    "ir": 0.8163503777082538,
    "t_stat": 1.8999521056899162,
    "effective_t_stat": 1.8999521056899162,
    "is_significant_p05": false,
    "mean_ic": -0.0018879420225916023,
    "annualized_simple_gross": 0.31786290835677167,
    "annual_cost_drag_log": 0.0756,
    "annualized_simple_net": 0.22190536589549925,
    "precision_directional_hit_rate": 0.516885556092051,
    "precision_top20_actual_overlap": 0.056923076923076917,
    "precision_rmse": 0.08693557088468128,
    "precision_mae": 0.06030758335043559,
    "reliability_ic_stability_cov": 71.46887013697463
  },
  "quarterly": {
    "horizon": "quarterly",
    "horizon_days": 60,
    "n_panels": 64,
    "n_effective": 32.0,
    "overlap_pct": 50.0,
    "rebals_per_year": 4.2,
    "mean_ret_per_panel": 0.033764878925706746,
    "sharpe": 1.7580453430119427,
    "win_rate": 0.734375,
    "mdd_per_panel": 0.3075898155859764,
    "mean_alpha_per_panel": 0.014226371225883444,
    "ir": 1.2808727681299643,
    "t_stat": 2.9580489499099842,
    "effective_t_stat": 2.091656471563096,
    "is_significant_p05": true,
    "mean_ic": 0.06776460029624674,
    "annualized_simple_gross": 0.15236055086534495,
    "annual_cost_drag_log": 0.0252,
    "annualized_simple_net": 0.12368390823257758,
    "precision_directional_hit_rate": 0.5158667999071136,
    "precision_top20_actual_overlap": 0.03515625,
    "precision_rmse": 0.1493694684671063,
    "precision_mae": 0.1060618937739849,
    "reliability_ic_stability_cov": 1.629489802038269
  },
  "annual": {
    "horizon": "annual",
    "horizon_days": 252,
    "n_panels": 61,
    "n_effective": 7.261904761904762,
    "overlap_pct": 88.09523809523809,
    "rebals_per_year": 1.0,
    "mean_ret_per_panel": 0.17210230980057992,
    "sharpe": 3.2731319928122744,
    "win_rate": 0.819672131147541,
    "mdd_per_panel": 0.24562613182026016,
    "mean_alpha_per_panel": 0.07988583297822052,
    "ir": 2.2283451944893673,
    "t_stat": 5.0240825087276315,
    "effective_t_stat": 1.7334731532836356,
    "is_significant_p05": false,
    "mean_ic": 0.15433087378520377,
    "annualized_simple_gross": 0.18779935051227437,
    "annual_cost_drag_log": 0.006,
    "annualized_simple_net": 0.18069389210079767,
    "precision_directional_hit_rate": 0.6033870326851014,
    "precision_top20_actual_overlap": 0.052459016393442616,
    "precision_rmse": 0.3091406238729963,
    "precision_mae": 0.2238874537744861,
    "reliability_ic_stability_cov": 0.6104970303797677
  },
  "_meta": {
    "tool": "multi_cycle_transformer_dedicated_validation.py",
    "tool_ver": "v0.1",
    "model_family": "transformer",
    "pytorch_version": "2.2.2",
    "run_at": "2026-06-02T12:24:07.305818",
    "constitution_ver": "v6.1.0",
    "seed": 5422,
    "horizons": [
      5,
      20,
      60,
      252
    ],
    "n_universe": 914,
    "n_panels_input": 95,
    "source_traceability": "per CLAUDE.md \u00a7\u4e00.10 \u2014 all (b) DB query",
    "compute_control_note": "epochs=15 (trainer 30) per \u00a7\u4e00.10 honest disclosure"
  }
}