{
  "weekly": {
    "horizon": "weekly",
    "horizon_days": 5,
    "n_panels": 65,
    "n_effective": 65.0,
    "overlap_pct": 0.0,
    "rebals_per_year": 50.4,
    "mean_ret_per_panel": 0.007033873485591063,
    "sharpe": 0.7027066754193652,
    "win_rate": 0.6615384615384615,
    "mdd_per_panel": 0.1586340196910212,
    "mean_alpha_per_panel": 0.0017022660996114764,
    "ir": 0.3701170499255156,
    "t_stat": 0.8614005549085856,
    "effective_t_stat": 0.8614005549085856,
    "is_significant_p05": false,
    "mean_ic": -0.010705058525571444,
    "annualized_simple_gross": 0.4254780393483715,
    "annual_cost_drag_log": 0.3024,
    "annualized_simple_net": 0.05348869538586065,
    "precision_directional_hit_rate": 0.48301761044445857,
    "precision_top20_actual_overlap": 0.08538461538461539,
    "precision_rmse": 0.04655514587678389,
    "precision_mae": 0.033233937477408576,
    "reliability_ic_stability_cov": 9.62632965499338
  },
  "monthly": {
    "horizon": "monthly",
    "horizon_days": 20,
    "n_panels": 65,
    "n_effective": 65.0,
    "overlap_pct": 0.0,
    "rebals_per_year": 12.6,
    "mean_ret_per_panel": 0.022118550267265686,
    "sharpe": 1.069911707156411,
    "win_rate": 0.6153846153846154,
    "mdd_per_panel": 0.3226748025909545,
    "mean_alpha_per_panel": 0.008635725056568821,
    "ir": 0.8722477713674865,
    "t_stat": 2.0300462095030123,
    "effective_t_stat": 2.0300462095030123,
    "is_significant_p05": true,
    "mean_ic": 0.02256278604848838,
    "annualized_simple_gross": 0.32140258037152214,
    "annual_cost_drag_log": 0.0756,
    "annualized_simple_net": 0.22518730379731533,
    "precision_directional_hit_rate": 0.5015062443123641,
    "precision_top20_actual_overlap": 0.09538461538461539,
    "precision_rmse": 0.08941063300095695,
    "precision_mae": 0.06506868475891019,
    "reliability_ic_stability_cov": 4.061783076645103
  },
  "quarterly": {
    "horizon": "quarterly",
    "horizon_days": 60,
    "n_panels": 64,
    "n_effective": 32.0,
    "overlap_pct": 50.0,
    "rebals_per_year": 4.2,
    "mean_ret_per_panel": 0.05936112534760979,
    "sharpe": 2.3586925178679006,
    "win_rate": 0.75,
    "mdd_per_panel": 0.2925739989558761,
    "mean_alpha_per_panel": 0.036790735795310774,
    "ir": 2.987244390950227,
    "t_stat": 6.898745413001253,
    "effective_t_stat": 4.878149663212776,
    "is_significant_p05": true,
    "mean_ic": 0.09633622834813207,
    "annualized_simple_gross": 0.2831483757593327,
    "annual_cost_drag_log": 0.0252,
    "annualized_simple_net": 0.2512170610429145,
    "precision_directional_hit_rate": 0.5295279598159541,
    "precision_top20_actual_overlap": 0.10546875,
    "precision_rmse": 0.15116262048878026,
    "precision_mae": 0.11116192097635036,
    "reliability_ic_stability_cov": 1.0271130040003311
  },
  "annual": {
    "horizon": "annual",
    "horizon_days": 252,
    "n_panels": 61,
    "n_effective": 7.261904761904762,
    "overlap_pct": 88.09523809523809,
    "rebals_per_year": 1.0,
    "mean_ret_per_panel": 0.30399840851490767,
    "sharpe": 4.976285615382598,
    "win_rate": 0.9180327868852459,
    "mdd_per_panel": 0.4247463950330239,
    "mean_alpha_per_panel": 0.198257630222263,
    "ir": 5.709471699885787,
    "t_stat": 12.872716925729648,
    "effective_t_stat": 4.44150930280471,
    "is_significant_p05": true,
    "mean_ic": 0.2692517252037613,
    "annualized_simple_gross": 0.35526689920088916,
    "annual_cost_drag_log": 0.006,
    "annualized_simple_net": 0.34715964389335774,
    "precision_directional_hit_rate": 0.6405692934857472,
    "precision_top20_actual_overlap": 0.1540983606557377,
    "precision_rmse": 0.29681301001245836,
    "precision_mae": 0.2188353131477326,
    "reliability_ic_stability_cov": 0.46741706765989227
  },
  "_meta": {
    "tool": "multi_cycle_lightgbm_validation.py",
    "tool_ver": "v0.1",
    "model_family": "lightgbm",
    "lightgbm_version": "4.6.0",
    "run_at": "2026-06-01T15:06:24.580073",
    "constitution_ver": "v6.1.0",
    "seed": 5422,
    "horizons": [
      5,
      20,
      60,
      252
    ],
    "n_universe": 397,
    "n_panels_input": 95,
    "source_traceability": "per CLAUDE.md \u00a7\u4e00.10 \u2014 all (b) DB query"
  }
}