{
  "weekly": {
    "horizon": "weekly",
    "horizon_days": 5,
    "n_panels": 65,
    "n_effective": 65.0,
    "overlap_pct": 0.0,
    "rebals_per_year": 50.4,
    "mean_ret_per_panel": 0.007531293275737241,
    "std_ret_per_panel": 0.035960547783232016,
    "sharpe": 0.7254940986389133,
    "win_rate": 0.676923076923077,
    "mdd_per_panel": 0.16178319188529716,
    "mean_alpha_per_panel": 0.002199685889757654,
    "std_alpha_per_panel": 0.018871771427831967,
    "ir": 0.4037742547192674,
    "t_stat": 0.9397334360656258,
    "effective_t_stat": 0.9397334360656258,
    "is_significant_p05": false,
    "mean_ic": -0.00330259294940746,
    "std_ic": 0.10034214185087871,
    "annualized_log_gross": 0.37957718109715693,
    "annualized_simple_gross": 0.46166643856062195,
    "annual_cost_drag_log": 0.3024,
    "annualized_log_net": 0.07717718109715693,
    "annualized_simple_net": 0.08023345638662915,
    "net_sharpe_per_panel": 0.14751042007776125
  },
  "monthly": {
    "horizon": "monthly",
    "horizon_days": 20,
    "n_panels": 65,
    "n_effective": 65.0,
    "overlap_pct": 0.0,
    "rebals_per_year": 12.6,
    "mean_ret_per_panel": 0.020845679070436895,
    "std_ret_per_panel": 0.06883700410643478,
    "sharpe": 1.049022273323971,
    "win_rate": 0.6153846153846154,
    "mdd_per_panel": 0.2825247113353011,
    "mean_alpha_per_panel": 0.007362853859740035,
    "std_alpha_per_panel": 0.03246858521781033,
    "ir": 0.7855492863778311,
    "t_stat": 1.8282664668652375,
    "effective_t_stat": 1.8282664668652375,
    "is_significant_p05": false,
    "mean_ic": 0.021642042081422116,
    "std_ic": 0.08946914825893901,
    "annualized_log_gross": 0.26265555628750487,
    "annualized_simple_gross": 0.3003787345244744,
    "annual_cost_drag_log": 0.0756,
    "annualized_log_net": 0.18705555628750486,
    "annualized_simple_net": 0.2056942670866162,
    "net_sharpe_per_panel": 0.747082786551861
  },
  "quarterly": {
    "horizon": "quarterly",
    "horizon_days": 60,
    "n_panels": 64,
    "n_effective": 32.0,
    "overlap_pct": 50.0,
    "rebals_per_year": 4.2,
    "mean_ret_per_panel": 0.05698761875086081,
    "std_ret_per_panel": 0.08678726925986115,
    "sharpe": 2.2746527669469314,
    "win_rate": 0.765625,
    "mdd_per_panel": 0.2946010140588221,
    "mean_alpha_per_panel": 0.034417229198561786,
    "std_alpha_per_panel": 0.0447773179184715,
    "ir": 2.6626154668839974,
    "t_stat": 6.149047026215748,
    "effective_t_stat": 4.34803285007213,
    "is_significant_p05": true,
    "mean_ic": 0.10640972623870253,
    "std_ic": 0.09876983710152813,
    "annualized_log_gross": 0.2393479987536154,
    "annualized_simple_gross": 0.27042056443979656,
    "annual_cost_drag_log": 0.0252,
    "annualized_log_net": 0.2141479987536154,
    "annualized_simple_net": 0.2388059829683975,
    "net_sharpe_per_panel": 2.03516361297214
  },
  "annual": {
    "horizon": "annual",
    "horizon_days": 252,
    "n_panels": 61,
    "n_effective": 7.261904761904762,
    "overlap_pct": 88.09523809523809,
    "rebals_per_year": 1.0,
    "mean_ret_per_panel": 0.30181918710679717,
    "std_ret_per_panel": 0.21633824821403944,
    "sharpe": 4.832859386481663,
    "win_rate": 0.9016393442622951,
    "mdd_per_panel": 0.4102935886639294,
    "mean_alpha_per_panel": 0.1960784088141524,
    "std_alpha_per_panel": 0.1289060330662958,
    "ir": 5.269229969379465,
    "t_stat": 11.880136968495671,
    "effective_t_stat": 4.099036681114373,
    "is_significant_p05": true,
    "mean_ic": 0.2705373520014781,
    "std_ic": 0.12824255582949423,
    "annualized_log_gross": 0.30181918710679717,
    "annualized_simple_gross": 0.3523166883093609,
    "annual_cost_drag_log": 0.006,
    "annualized_log_net": 0.29581918710679717,
    "annualized_simple_net": 0.34422708126943125,
    "net_sharpe_per_panel": 4.736784790970179
  },
  "_meta": {
    "tool": "multi_cycle_validation.py",
    "tool_ver": "v0.1",
    "run_at": "2026-06-01T15:03:00.088764",
    "constitution_ver": "v6.1.0",
    "seed": 5422,
    "horizons": [
      5,
      20,
      60,
      252
    ],
    "n_universe": 397,
    "n_panels_input": 95,
    "source_traceability": "per CLAUDE.md \u00a7\u4e00.10 \u2014 all data from (b) DB query"
  }
}