{
  "tool_version": "v0.1",
  "constitution": "v6.1.0",
  "as_of_date": "2026-05-21",
  "lookback_days": 90,
  "min_obs": 20,
  "n_stocks": 2688,
  "stats": {
    "n_stocks": 2688,
    "up_sigma_diff (RMS - STDDEV)": {
      "mean": 0.1728023580947318,
      "median": 0.1358757210423299,
      "stdev": 0.13184288484127982,
      "p5": 0.034760644739262804,
      "p95": 0.4474243027404124,
      "min": 0.012307882016323324,
      "max": 1.0299272153831946,
      "abs_mean": 0.1728023580947318,
      "abs_p95": 0.4474243027404124
    },
    "down_sigma_diff (RMS - STDDEV)": {
      "mean": 0.15514220200197473,
      "median": 0.13540545558043007,
      "stdev": 0.10012379143266349,
      "p5": 0.035435248728886384,
      "p95": 0.3410100518570578,
      "min": 0.011821204660052802,
      "max": 1.4998171718466546,
      "abs_mean": 0.15514220200197473,
      "abs_p95": 0.3410100518570578
    },
    "convexity_diff (RMS - STDDEV)": {
      "mean": 0.01766015609275706,
      "median": 0.003374167363114078,
      "stdev": 0.07205059409872451,
      "p5": -0.05911159005035708,
      "p95": 0.13871982796222532,
      "min": -1.3613434387783017,
      "max": 0.5552812700550553,
      "abs_mean": 0.04341808969054563,
      "abs_p95": 0.14658274096925014
    }
  },
  "rho_convexity": 0.9003053804603365,
  "rho_score": 0.8816310606292325,
  "score_diff_dist": {
    "n_zero_diff": 1751,
    "n_nonzero_diff": 937,
    "pct_zero": 65.14136904761905,
    "mean_abs_diff": 5.790550595238095,
    "max_abs_diff": 75.0
  },
  "top120_overlap": 88,
  "top120_jaccard": 0.5789473684210527,
  "top10_conv_diff_outliers": [
    {
      "stock_id": "6236",
      "convexity_stddev": -0.4546570963808653,
      "convexity_rms": -1.816000535159167,
      "diff_conv": -1.3613434387783017,
      "score_stddev": 20.0,
      "score_rms": 20.0,
      "n_obs": 58,
      "n_up": 3,
      "n_down": 2,
      "mean_up": 0.027337717220278387,
      "mean_down": -0.14384103622589045
    },
    {
      "stock_id": "6820",
      "convexity_stddev": 0.5173454698374615,
      "convexity_rms": 1.072626739892517,
      "diff_conv": 0.5552812700550553,
      "score_stddev": 95.0,
      "score_rms": 95.0,
      "n_obs": 58,
      "n_up": 26,
      "n_down": 32,
      "mean_up": 0.12613312265402393,
      "mean_down": -0.06554303385837885
    },
    {
      "stock_id": "6990",
      "convexity_stddev": 1.2568692191156665,
      "convexity_rms": 1.7530034730393091,
      "diff_conv": 0.49613425392364263,
      "score_stddev": 95.0,
      "score_rms": 95.0,
      "n_obs": 58,
      "n_up": 27,
      "n_down": 31,
      "mean_up": 0.14548574008232146,
      "mean_down": -0.06613336572733856
    },
    {
      "stock_id": "3585",
      "convexity_stddev": 0.6378958975792051,
      "convexity_rms": 1.133771295267572,
      "diff_conv": 0.49587539768836697,
      "score_stddev": 95.0,
      "score_rms": 95.0,
      "n_obs": 58,
      "n_up": 28,
      "n_down": 30,
      "mean_up": 0.1318146026994201,
      "mean_down": -0.06877501406788224
    },
    {
      "stock_id": "3049",
      "convexity_stddev": 0.0019522388534286006,
      "convexity_rms": 0.4442931607053916,
      "diff_conv": 0.442340921851963,
      "score_stddev": 75.0,
      "score_rms": 95.0,
      "n_obs": 58,
      "n_up": 22,
      "n_down": 35,
      "mean_up": 0.0701503433944698,
      "mean_down": -0.03795806437241835
    },
    {
      "stock_id": "3498",
      "convexity_stddev": 0.10922301192585177,
      "convexity_rms": 0.533222665943473,
      "diff_conv": 0.42399965401762124,
      "score_stddev": 95.0,
      "score_rms": 95.0,
      "n_obs": 58,
      "n_up": 29,
      "n_down": 28,
      "mean_up": 0.0636719221891192,
      "mean_down": -0.02771586899225154
    },
    {
      "stock_id": "4573",
      "convexity_stddev": 0.42861610463333866,
      "convexity_rms": 0.8481398559849169,
      "diff_conv": 0.41952375135157827,
      "score_stddev": 95.0,
      "score_rms": 95.0,
      "n_obs": 58,
      "n_up": 29,
      "n_down": 28,
      "mean_up": 0.1116435861596195,
      "mean_down": -0.06498616933684515
    },
    {
      "stock_id": "5248",
      "convexity_stddev": 1.4781815253988846,
      "convexity_rms": 1.8662671939069786,
      "diff_conv": 0.388085668508094,
      "score_stddev": 95.0,
      "score_rms": 95.0,
      "n_obs": 58,
      "n_up": 19,
      "n_down": 34,
      "mean_up": 0.13161775045832835,
      "mean_down": -0.05530439507149182
    },
    {
      "stock_id": "3184",
      "convexity_stddev": 0.524343412239694,
      "convexity_rms": 0.9121419378345946,
      "diff_conv": 0.3877985255949006,
      "score_stddev": 95.0,
      "score_rms": 95.0,
      "n_obs": 58,
      "n_up": 23,
      "n_down": 32,
      "mean_up": 0.09227044399999883,
      "mean_down": -0.043840257888905027
    },
    {
      "stock_id": "7839",
      "convexity_stddev": 0.1352458274686472,
      "convexity_rms": -0.24537819882218015,
      "diff_conv": -0.38062402629082737,
      "score_stddev": 95.0,
      "score_rms": 20.0,
      "n_obs": 58,
      "n_up": 16,
      "n_down": 10,
      "mean_up": 0.021816872039340657,
      "mean_down": -0.042081385748829185
    }
  ]
}